name,source,gender,wikidata,type
"Aachener Straße",wikidata,,Q1017,way
Aalborghof,wikidata,,Q25410,way
Aarhushof,wikidata,,Q25319,way
Abendseglerweg,wikidata,,Q319018,way
Achtermannweg,wikidata,,Q340960,way
Ackerstraße,wikidata,,Q188869,way
Ackerweg,wikidata,,Q188869,way
Adolf-Emmelmann-Straße,wikidata,,Q22671564,way
Aegidienkirchhof,wikidata,,Q380599,way
Aegidientorplatz,wikidata,,Q98437808,relation+way
"Ahldener Straße",wikidata,,Q400396,way
"Ahlemer Straße",wikidata,,Q28125149,way
Ahornstraße,wikidata,,Q42292,way
"Ahrensburger Straße",wikidata,,Q16104,way
Akazienstraße,wikidata,,Q81666,way
Akeleiweg,wikidata,,Q148929,way
Alabasterweg,wikidata,,Q143447,way
Aladinweg,wikidata,,Q15605357,way
Alandweg,wikidata,,Q648385,way
"Algermissener Straße",wikidata,,Q574412,way
Alleehof,wikidata,,Q104629928,way
Alleestraße,wikidata,,Q1614111,way
"Allensteiner Weg",wikidata,,Q82765,way
Allerbroken,wikidata,,Q1434274,way
Allerstraße,wikidata,,Q1967803,way
Alt-Vinnhorst,wikidata,,Q97763124,way
"Alte Bemeroder Straße",wikidata,,Q63139227,way
"Alte Döhrener Straße",wikidata,,Q8936588,way
"Alte Heide",wikidata,,Q1422560,way
"Alte Herrenhäuser Straße",wikidata,,Q63387763,way
"Alte Kronsbergstraße",wikidata,,Q166745,way
"Alte Ladestraße",wikidata,,Q55493,way
"Alte Peiner Heerstraße",wikidata,,Q6850,way
"Alte Schmiede",wikidata,,Q40558,way
"Alte Speicherstraße",wikidata,,Q1362225,way
"Alte Stöckener Straße",wikidata,,Q63387819,way
"Altenauer Weg",wikidata,,Q436639,way
"Altenbekener Damm",wikidata,,Q1576238,relation
"Alter Flughafen",wikidata,,Q42291231,way
"Altes Dorf",wikidata,,Q28125155,way
Altmarkhof,wikidata,,Q442655,way
"Alveser Weg",wikidata,,Q350895,way
"Am Ahlemer Holz",wikidata,,Q108004863,way
"Am Ahlemer Turm",wikidata,,Q400432,way
"Am Alten Forsthaus",wikidata,,Q1425352,way
"Am Alten Friedhof",wikidata,,Q24395231,way
"Am Alten Gehäge",wikidata,,Q1434274,way
"Am Andreashof",wikidata,,Q105281406,way
"Am Annateich",wikidata,,Q18616336,way
"Am Archiv",wikidata,,Q1549023,way
"Am Asphaltberge",wikidata,,Q202251,way
"Am Bahndamm",wikidata,,Q1562229,way
"Am Birkenwäldchen",wikidata,,Q25243,way
"Am Blauen See",wikidata,,Q18616767,way
"Am Bokemahle",wikidata,,Q1434274,way
"Am Booker",wikidata,,Q891698,way
"Am Brabrinke",wikidata,,Q1434274,way
"Am Brombeerhag",wikidata,,Q19842373,way
"Am Büchenberge",wikidata,,Q1434274,way
"Am Dornbusch",wikidata,,Q201851,way
"Am Eikskamp",wikidata,,Q1434274,way
"Am Eisenwerk",wikidata,,Q826854,way
"Am Englischen Friedhof",wikidata,,Q1576247,way
"Am Fahrhorstfelde",wikidata,,Q1434274,way
"Am Flöth",wikidata,,Q110143760,way
"Am Forstkamp",wikidata,,Q1416616,way
"Am Friedenstal",wikidata,,Q20683728,way
"Am Fuhrenkampe",wikidata,,Q1434274,way
"Am Gänsebusch",wikidata,,Q1434274,way
"Am Gehrlskamp",wikidata,,Q1434274,way
"Am Ginsterbusch",wikidata,,Q156696,way
"Am Großen Garten",wikidata,,Q1416462,way
"Am Großen Kampe",wikidata,,Q1434274,way
"Am Großmarkt",wikidata,,Q2128165,way
"Am Grünen Hagen",wikidata,,Q1434274,way
"Am Hafen",wikidata,,Q1634513,way
"Am Hagen",wikidata,,Q11334401,way
"Am Haselbusch",wikidata,,Q145889,way
"Am Hasenwinkel",wikidata,,Q1434274,way
"Am Heidehaus",wikidata,,Q1718942,way
"Am Heisterholze",wikidata,,Q1434274,way
"Am Herrenhäuser Bahnhof",wikidata,,Q800887,way
"Am Hirtenbach",wikidata,,Q18625674,way
"Am Hohen Ufer",wikidata,,Q468756,relation+way
"Am Holderbusch",wikidata,,Q25662,way
"Am Holunder",wikidata,,Q131448,way
"Am Hopfengarten",wikidata,,Q1434274,way
"Am Immenkampe",wikidata,,Q1434274,way
"Am Jagdstall",wikidata,,Q1935131,way
"Am Judenkirchhof",wikidata,,Q438027,way
"Am Jungfernplan",wikidata,,Q1434274,way
"Am Kanal",wikidata,,Q48480,way
"Am Kastanienhof",wikidata,,Q129324,way
"Am Kiffkampe",wikidata,,Q1434274,way
"Am Kindergarten",wikidata,,Q126807,way
"Am Klagesmarkt",wikidata,,Q1744242,relation+way
"Am Kläperberg",wikidata,,Q19798648,way
"Am Kronsberg",wikidata,,Q166745,way
"Am Küchengarten",wikidata,,Q624114,way
"Am Landwehrgraben",wikidata,,Q661908,way
"Am Langen Berge",wikidata,,Q1434274,way
"Am Langen Kampe",wikidata,,Q1434274,way
"Am Leineufer",wikidata,,Q161051,way
"Am Leinewehr",wikidata,,Q21011177,way
"Am Lindener Berge",wikidata,,Q1644422,way
"Am Lindener Hafen",wikidata,,Q1826080,way
"Am Lindenhofe",wikidata,,Q659206,way
"Am Lister Bad",wikidata,,Q29650189,way
"Am Mahnmal",wikidata,,Q1576247,way
"Am Markte",wikidata,,Q330284,way
"Am Mittelfelde",wikidata,,Q77826110,way
"Am Moritzwinkel",wikidata,,Q1434274,way
"Am Neuen Acker",wikidata,,Q1434274,way
"Am Nordfeld",wikidata,,Q1434274,way
"Am Obstgarten",wikidata,,Q236371,way
"Am Pferdeturm",wikidata,,Q1389596,way
"Am Plessenfelde",wikidata,,Q1434274,way
"Am Puttenser Felde",wikidata,,Q19798648,way
"Am Rohgraben",wikidata,,Q1434274,way
"Am Rotdorn",wikidata,,Q1281102,way
"Am Sandberge",wikidata,,Q2220733,way
"Am Sauerwinkel",wikidata,,Q1434274,way
"Am Schafbrinke",wikidata,,Q1434274,way
"Am Schatzkampe",wikidata,,Q1434274,way
"Am Schützenplatz",wikidata,,Q2260083,way
"Am Seelberg",wikidata,,Q1434274,way
"Am Soltekampe",wikidata,,Q1434274,way
"Am Sool",wikidata,,Q124714,way
"Am Spargelacker",wikidata,,Q2853420,way
"Am Spielfelde",wikidata,,Q1434274,way
"Am Stadtrand",wikidata,,Q7380602,way
"Am Stadtteilbauernhof",wikidata,,Q121296358,way
"Am Steinbruch",wikidata,,Q15115254,way
"Am Stöckener Bach",wikidata,,Q55091507,relation+way
"Am Südbahnhof",wikidata,,Q98043952,relation+way
"Am Sünderkamp",wikidata,,Q1434274,way
"Am Tiergarten",wikidata,,Q1676123,way
"Am Tönniesberg",wikidata,,Q18028811,way
"Am Uhrturm",wikidata,,Q1271028,way
"Am Wacholder",wikidata,,Q25662,way
"Am Waldwinkel",wikidata,,Q99540279,way
"Am Wasserturm",wikidata,,Q24451218,way
"Am Waterlooplatz",wikidata,,Q2552595,way
"Am Weißdorn",wikidata,,Q132557,way
"Am Welfenplatz",wikidata,,Q2557515,way
"Am Winkelberge",wikidata,,Q1434274,way
"Am Wöhren",wikidata,,Q1434274,way
"Am Wullwinkel",wikidata,,Q1434274,way
Amelungshof,wikidata,,Q880834,way
Amselgasse,wikidata,,Q25234,way
"An den Deichwiesen",wikidata,,Q1434274,way
"An den Eichhölzern",wikidata,,Q1434274,way
"An den Hilligenwöhren",wikidata,,Q1434274,way
"An den Papenstücken",wikidata,,Q1434274,way
"An den Sportplätzen",wikidata,,Q1202618,way
"An der Alten Fabrik",wikidata,,Q22137974,way
"An der Apostelkirche",wikidata,,Q619889,way
"An der Bahn",wikidata,,Q322298,way
"An der Bauerwiese",wikidata,,Q1434274,way
"An der Bismarckschule",wikidata,,Q866448,way
"An der Börse",wikidata,,Q1019993,way
"An der Brauerei",wikidata,,Q491736,way
"An der Breiten Wiese",wikidata,,Q1434274,way
"An der Christuskirche",wikidata,,Q1087332,way
"An der Dornenhecke",wikidata,,Q201851,way
"An der Erlöserkirche",wikidata,,Q1355747,way
"An der Gartenbauschule",wikidata,,Q1412948,way
"An der Graft",wikidata,,Q108045849,way
"An der Hast",wikidata,,Q1434274,way
"An der Johanniskirche",wikidata,,Q2316240,way
"An der Kirche",wikidata,,Q17123848,way
"An der Lindenhecke",wikidata,,Q158746,way
"An der Lister Kirche",wikidata,,Q1910583,way
"An der Lutherkirche",wikidata,,Q1877941,relation+way
"An der Markuskirche",wikidata,,Q1597429,way
"An der Martinskirche",wikidata,,Q1739180,way
"An der Oberen Marsch",wikidata,,Q1434274,way
"An der Quelle",wikidata,,Q124714,way
"An der Questenhorst",wikidata,,Q235779,way
"An der Reegde",wikidata,,Q1434274,way
"An der Schleuse",wikidata,,Q2239440,way
"An der Schule",wikidata,,Q3914,way
"An der Strangriede",wikidata,,Q24068239,way
"An der Tiefenriede",wikidata,,Q1434274,way
"An der Weidenkirche",wikidata,,Q1227673,way
"An der Wietze",wikidata,,Q212612,way
"An der Wollebahn",wikidata,,Q1271028,way
"Anderter Straße",wikidata,,Q97842946,way
Anecampstraße,wikidata,,Q25393157,way
Angerstraße,wikidata,,Q1434274;Q57743,way
"Anhalter Hof",wikidata,,Q155578,way
"Apenrader Straße",wikidata,,Q154897,way
Apfelgarten,wikidata,,Q89,way
Archivstraße,wikidata,,Q106614682,way
"Arnumer Weg",wikidata,,Q697828,way
Aronstabweg,wikidata,,Q161121,way
"Aschendorfer Straße",wikidata,,Q722401,way
Ashwin-von-Roden-Weg,wikidata,,Q1541453,way
Aspelweg,wikidata,,Q25356,way
Asseburgstraße,wikidata,,Q740010,way
Asternstraße,wikidata,,Q517130,way
Auerhahnhof,wikidata,,Q129059,way
Auestraße,wikidata,,Q193110,way
"Auf dem Brinke",wikidata,,Q1434274,way
"Auf dem Dorn",wikidata,,Q1434274,way
"Auf dem Grethel",wikidata,,Q1434274,way
"Auf dem Hollen",wikidata,,Q1434274,way
"Auf dem Kampe",wikidata,,Q1434274,way
"Auf dem Lärchenberge",wikidata,,Q98544602,way
"Auf dem Limbrinke",wikidata,,Q1434274,way
"Auf dem Loh",wikidata,,Q1434274,way
"Auf dem Rohe",wikidata,,Q1434274,way
"Auf dem Sohlorte",wikidata,,Q1434274,way
"Auf dem Stehen",wikidata,,Q1434274,way
"Auf den Kirchstücken",wikidata,,Q1739180,way
"Auf den Kräken",wikidata,,Q1434274,way
"Auf der Horst",wikidata,,Q1434274,way
"Auf der Kiewisch",wikidata,,Q1434274,way
"Auf der Kuhbühre",wikidata,,Q1434274,way
"Auf der Spannriede",wikidata,,Q1434274,way
"Auf der Worth",wikidata,,Q1434274,way
Augustinerweg,wikidata,,Q1775639,way
"Aussiger Wende",wikidata,,Q156974,way
Auwiese,wikidata,,Q1434274,way
"Avenida de Sevilla",wikidata,,Q8717,way
Bachstelzenweg,wikidata,,Q25399,way
"Bad Salzbrunner Straße",wikidata,,Q1001231,way
"Badenstedter Straße",wikidata,,Q28125151,way
Bahnhofstraße,wikidata,,Q703918,relation+way
Bahnriehe,wikidata,,Q1434274,way
Bahnstrift,wikidata,,Q1434274,way
Baldurstraße,wikidata,,Q131658,way
Ballhofplatz,wikidata,,Q805258,way
Ballhofstraße,wikidata,,Q805258,way
"Bardowicker Straße",wikidata,,Q508028,way
Bärenbleek,wikidata,,Q1434274,way
Bargeworth,wikidata,,Q1434274,way
"Barsinghäuser Straße",wikidata,,Q16022,way
Bartweg,wikidata,,Q1434274,way
Basaltweg,wikidata,,Q43338,way
Bäteweg,wikidata,,Q23787922,way
Baulenwiese,wikidata,,Q1434274,way
Baumschulenallee,wikidata,,Q155511,way
Baumstraße,wikidata,,Q10884,way
Beekehof,wikidata,,Q106615220,way
Beiersdorfstraße,wikidata,,Q201691,way
"Bemeroder Anger",wikidata,,Q57743,way
"Bemeroder Rathausplatz",wikidata,,Q543654,way
"Bemeroder Straße",wikidata,,Q63139227,way
"Bentheimer Straße",wikidata,,Q574332,way
Benther-Berg-Straße,wikidata,,Q818260,way
"Bergener Straße",wikidata,,Q505665,way
Berggartenstraße,wikidata,,Q819663,way
Bergstraße,wikidata,,Q166745,way
"Berliner Allee",wikidata,,Q64,relation+way
"Berliner Platz",wikidata,,Q64,way
"Berliner Straße",wikidata,,Q64,way
"Bernburger Straße",wikidata,,Q14938,way
Bernstraße,wikidata,,Q826854,way
Bethlehemplatz,wikidata,,Q831347,way
Bethlehemstraße,wikidata,,Q831347,way
"Beuthener Straße",wikidata,,Q102350,way
"Bevenser Weg",wikidata,,Q558569,way
Bienenriede,wikidata,,Q115131816,way
Bienenweide,wikidata,,Q857678,way
"Biener Busch",wikidata,,Q857614,way
Billweg,wikidata,,Q1434274,way
Birkenstraße,wikidata,,Q1434274,way
Birkenweg,wikidata,,Q25243,way
Birkhahnhof,wikidata,,Q155878,way
Birnengarten,wikidata,,Q434,way
"Bischhofsholer Damm",wikidata,,Q29051455,relation
"Bischofsholer Damm",wikidata,,Q29051455,way
"Bispinger Weg",wikidata,,Q503255,way
"Bissendorfer Straße",wikidata,,Q866665,way
Bleekstraße,wikidata,,Q1434274,way
"Blumenauer Straße",wikidata,,Q886198,way
Boberweg,wikidata,,Q148307,way
Bockmerholzstraße,wikidata,,Q889226,way
Bodestraße,wikidata,,Q15789142,way
Bodetalweg,wikidata,,Q889810,way
Böhmerwaldstraße,wikidata,,Q157290,way
"Bollnäser Straße",wikidata,,Q953769,way
"Bolzumer Straße",wikidata,,Q891701,way
"Bonner Straße",wikidata,,Q586,way
Börgerstraße,wikidata,,Q506862,way
"Borkumer Straße",wikidata,,Q17075271,way
"Bornholmer Weg",wikidata,,Q769680,way
"Bornumer Straße",wikidata,,Q47457067,relation+way
"Bornumer Weg",wikidata,,Q47457067,way
"Bothfelder Anger",wikidata,,Q1434274,way
"Bothfelder Kirchweg",wikidata,,Q2316591,way
"Bothfelder Platz",wikidata,,Q69730084,way
"Bothfelder Straße",wikidata,,Q69730084,way
"Boulevard der EU",wikidata,,Q458,way
"Bozener Straße",wikidata,,Q6526,way
Brabeckstraße,wikidata,,Q896482,way
Brachvogelweg,wikidata,,Q215166,way
Brandriede,wikidata,,Q1434274,way
"Braunschweiger Platz",wikidata,,Q2773,way
"Bredenbecker Straße",wikidata,,Q904731,way
"Bregenzer Straße",wikidata,,Q1737,way
"Brelinger Hof",wikidata,,Q907126,way
"Bremer Damm",wikidata,,Q24879,way
"Bremer Straße",wikidata,,Q24879,way
"Breslauer Straße",wikidata,,Q1799,way
"Bristoler Straße",wikidata,,Q23154,way
Brockenweg,wikidata,,Q155721,way
Brockfeld,wikidata,,Q1434274,way
"Bromberger Straße",wikidata,,Q41252,way
Bruchmeisterallee,wikidata,,Q992013,way
"Brücke Bischofshol",wikidata,,Q54189788,way
Brückstraße,wikidata,,Q12280,way
Brüder-Grimm-Weg,wikidata,,Q2793,way
Brüderstraße,wikidata,,Q45710336,way
"Brüsseler Straße",wikidata,,Q239,way
Bucheckerweg,wikidata,,Q149825,way
Buchenhain,wikidata,,Q25403,way
Buchfinkstieg,wikidata,,Q25383,way
"Buchholzer Mühlenhof",wikidata,,Q38720,way
"Buchholzer Straße",wikidata,,Q97920888,way
Buchweizenfeld,wikidata,,Q7223832,way
"Bückeburger Allee",wikidata,,Q157035,relation
Bugstraße,wikidata,,Q156237,way
Bultstraße,wikidata,,Q18615934,way
"Bünteroder Straße",wikidata,,Q350895,way
"Bunzlauer Weg",wikidata,,Q156828,way
"Burgdorfer Damm",wikidata,,Q555618,way
"Burgundische Straße",wikidata,,Q150412,way
"Burgwedeler Straße",wikidata,,Q499873,way
Burgweg,wikidata,,Q63387623,way
Buschriede,wikidata,,Q1434274,way
Bussardweg,wikidata,,Q235152,way
Bütersworthstraße,wikidata,,Q98446804,way
Butjerbrunnenplatz,wikidata,,Q117323107,way
"CC Arcaden",wikidata,,Q1378975,way
"Calenberger Esplanade",wikidata,,Q88372,way
"Calenberger Straße",wikidata,,Q565812,way
"Celler Straße",wikidata,,Q3933,way
"Chemnitzer Straße",wikidata,,Q2795,way
"Chicago Lane",wikidata,,Q1297,way
"Clausthaler Weg",wikidata,,Q15377091,way
Clemensstraße,wikidata,,Q810108,way
"Clemenswerther Weg",wikidata,,Q39199,way
Colmarstraße,wikidata,,Q130994,way
Continental-Plaza,wikidata,,Q163241,way
Cordweg,wikidata,,Q1132073,way
"Cranzer Weg",wikidata,,Q5584,way
"Cuxhavener Hof",wikidata,,Q4197,way
Dachstrift,wikidata,,Q638105,way
"Dahlenburger Weg",wikidata,,Q632607,way
"Danziger Straße",wikidata,,Q1792,way
"Das Mühlenfeld",wikidata,,Q1434274,way
Däumlingweg,wikidata,,Q1199243,way
"Davenstedter Holz",wikidata,,Q28125155,way
"Davenstedter Markt",wikidata,,Q28125155,way
"Davenstedter Platz",wikidata,,Q28125155,way
"Davenstedter Straße",wikidata,,Q28125155,way
"Debberoder Straße",wikidata,,Q350895,way
Deelgrafen,wikidata,,Q97709893,way
Deimeweg,wikidata,,Q5615,way
Deisterplatz,wikidata,,Q457147,way
Deisterstraße,wikidata,,Q457147,way
Dennewitzstraße,wikidata,,Q882375,way
Desbrocksheidering,wikidata,,Q1434274,way
Deurag-Nerag-Straße,wikidata,,Q1201668,way
"Deveser Straße",wikidata,,Q1206728,way
Devonweg,wikidata,,Q65955,way
"Diedenhofener Straße",wikidata,,Q22640,way
Distelborn,wikidata,,Q63565252,way
Distelkamp,wikidata,,Q1434274,way
"Ditterker Straße",wikidata,,Q1230356,way
Doggerweg,wikidata,,Q500054,way
Döhrbruch,wikidata,,Q1434274,way
"Döhrener Masch",wikidata,,Q1678445,way
"Döhrener Mühle",wikidata,,Q21011177,way
Dolomitweg,wikidata,,Q1134814,way
"Dömitzer Straße",wikidata,,Q536781,way
Donarweg,wikidata,,Q42952,way
Donaustraße,wikidata,,Q1653,way
Dorfmarkhof,wikidata,,Q879276,way
Dorfstraße,wikidata,,Q9202379,way
Dorninge,wikidata,,Q1434274,way
Dornröschenbrücke,wikidata,,Q54878214,way
Dornröschenweg,wikidata,,Q11824,way
"Dorpater Straße",wikidata,,Q13972,way
Dörpefeld,wikidata,,Q1434274,way
Dragonerstraße,wikidata,,Q194199,way
Dreihornstraße,wikidata,,Q19821,way
Drenkriede,wikidata,,Q932689,way
"Dresdener Straße",wikidata,,Q1731,way
Dribusch,wikidata,,Q1434274,way
Droehnenstraße,wikidata,,Q1434274,way
Drosselbartweg,wikidata,,Q11856,way
Drosselgasse,wikidata,,Q115694025,way
Drosselweg,wikidata,,Q115694025,way
Dudweilerstraße,wikidata,,Q881462,way
"Duisburger Straße",wikidata,,Q2100,way
Dünenweg,wikidata,,Q25391,way
Ebereschenweg,wikidata,,Q146198,way
"Eberswalder Straße",wikidata,,Q9306,way
"Ebstorfer Weg",wikidata,,Q659643,way
Echternfeld,wikidata,,Q1434274,way
Echterngrund,wikidata,,Q1434274,way
"Edingeroder Weg",wikidata,,Q1283026,way
Efeuhof,wikidata,,Q26771,way
Egerweg,wikidata,,Q193719,way
Eggewiese,wikidata,,Q7777019,way
Ehrenpreisweg,wikidata,,Q7216874,way
Ehrfeldstraße,wikidata,,Q1434274,way
Eibenweg,wikidata,,Q27355,way
Eichenbrink,wikidata,,Q1434274,way
Eichenweg,wikidata,,Q12004,way
Eichhörnchensteg,wikidata,,Q281124,way
"Eichsfelder Straße",wikidata,,Q5153866,way
Eichstraße,wikidata,,Q826854,way
Eickenriede,wikidata,,Q1434274,way
Eifelweg,wikidata,,Q152356,way
"Eilser Masch",wikidata,,Q350895,way
"Eimbeckhäuser Straße",wikidata,,Q1304172,way
"Einbecker Straße",wikidata,,Q47244,way
Eintrachtweg,wikidata,,Q820509,way
"Eisenacher Weg",wikidata,,Q98951209,way
Elbestraße,wikidata,,Q1644,way
"Elbinger Weg",wikidata,,Q104712,way
Elfenweg,wikidata,,Q174396,way
Ellerie,wikidata,,Q1434274,way
Ellernbuschfeld,wikidata,,Q1434274,way
Ellernstraße,wikidata,,Q25239,way
Elmstraße,wikidata,,Q896176,way
"Elsenborner Straße",wikidata,,Q3047187,way
Elsternbusch,wikidata,,Q25307,way
Elsternhag,wikidata,,Q25307,way
Emdenstraße,wikidata,,Q329540,way
"Empelder Straße",wikidata,,Q1339128,way
Emscherweg,wikidata,,Q457346,way
Emslandstraße,wikidata,,Q145620,way
Emsstraße,wikidata,,Q1648,way
"Engelbosteler Damm",wikidata,,Q1342015,relation+way
Engelsburg,wikidata,,Q1434274,way
Enthorststraße,wikidata,,Q1434274,way
Erderstraße,wikidata,,Q55015392,way
"Erfurter Weg",wikidata,,Q1729,way
Erikastraße,wikidata,,Q206998,way
Erikaweg,wikidata,,Q206998,way
Erlenstieg,wikidata,,Q25239,way
Erlenweg,wikidata,,Q25239,way
Eschenplan,wikidata,,Q128887,way
Escherstraße,wikidata,,Q15906333,way
Espenhof,wikidata,,Q146110,way
Esperantostraße,wikidata,,Q143,way
"Essener Straße",wikidata,,Q2066,way
Eulenkamp,wikidata,,Q1434274,way
Eulenspiegelweg,wikidata,,Q164083,way
"Eupener Straße",wikidata,,Q151831,way
Europaallee,wikidata,,Q46,way
Europaplatz,wikidata,,Q46,way
"Ewige Weide",wikidata,,Q106847152,way
"Expo Plaza",wikidata,,Q734463,relation+way
Exponale,wikidata,,Q734463,way
"Eylauer Weg",wikidata,,Q104354,way
Fagusweg,wikidata,,Q25403,way
Falkenhorst,wikidata,,Q43489,way
"Fallingbosteler Straße",wikidata,,Q501609,way
Farnstieg,wikidata,,Q80005,way
Fehrenwinkel,wikidata,,Q1434274,way
Feldbuschwende,wikidata,,Q1434274,way
Feldstraße,wikidata,,Q188869,way
Feuersteinweg,wikidata,,Q83087,way
Feuerwehrstraße,wikidata,,Q1195942,way
Findstellenweg,wikidata,,Q106203359,way
Finkengasse,wikidata,,Q115694618,way
Finkenhof,wikidata,,Q115694618,way
Fischerstraße,wikidata,,Q331432,way
Fischteichweg,wikidata,,Q1265665,way
Flachsrottenweg,wikidata,,Q1426255,way
Flekkefjordufer,wikidata,,Q493481,way
"Flensburger Straße",wikidata,,Q3798,way
Fliederstraße,wikidata,,Q157449,way
Fliegerstraße,wikidata,,Q42291231,way
Flintweg,wikidata,,Q83087,way
Flöthwiesen,wikidata,,Q1434274,way
Föhrenwinkel,wikidata,,Q12024,way
"Forbacher Straße",wikidata,,Q81306,way
Försterkamp,wikidata,,Q1434274,way
Forstgrund,wikidata,,Q99540279,way
Fortunastraße,wikidata,,Q4654,way
Fössestraße,wikidata,,Q1480294,way
Fösseweg,wikidata,,Q1480297,way
"Frankfurter Allee",wikidata,,Q1794,relation+way
"Fränkische Straße",wikidata,,Q115933087,way
"Franzensbader Hof",wikidata,,Q756581,way
"Freiberger Hof",wikidata,,Q42291231,way
"Freienwalder Straße",wikidata,,Q427655,way
Freihorstfeld,wikidata,,Q1434274,way
Frenswegengang,wikidata,,Q1775241,way
"Frerener Weg",wikidata,,Q565523,way
Frickastraße,wikidata,,Q131654,way
Friedenstraße,wikidata,,Q158021,way
Friedhofsallee,wikidata,,Q2327125,way
Friedhofstraße,wikidata,,Q24258885,way
"Friedländer Weg",wikidata,,Q986077,way
Friedrich-Wilhelm-Fitzner-Weg,wikidata,,Q105744234,way
Friedrichstraße,wikidata,,Q14038597,way
Frohnauweg,wikidata,,Q641467,way
Froschkönigweg,wikidata,,Q11850,way
Fuchsrain,wikidata,,Q8331,way
"Fuhrberger Straße",wikidata,,Q1473026,way
Fuhrbleek,wikidata,,Q57577442,way
Fuhsestraße,wikidata,,Q562329,way
"Fuldaer Wende",wikidata,,Q3963,way
"Fürstenwalder Straße",wikidata,,Q16064,way
Gaimweg,wikidata,,Q1491283,way
Gänseanger,wikidata,,Q1434274,way
Gänselieselweg,wikidata,,Q1323636,way
Gantenbleek,wikidata,,Q1434274,way
"Garbsener Landstraße",wikidata,,Q4001,way
Garkenburgstraße,wikidata,,Q1434274,way
Gartenallee,wikidata,,Q14523245,way
Gartenheimstraße,wikidata,,Q562166,way
Gartenstraße,wikidata,,Q1107656;Q4404694,way
Gärtnerweg,wikidata,,Q155511,way
"Geestemünder Weg",wikidata,,Q1497751,way
Gehägestraße,wikidata,,Q1434274,way
"Gehrdener Straße",wikidata,,Q549864,way
Geißblattweg,wikidata,,Q156047,way
Gerberstraße,wikidata,,Q3515239,way
Gibraltarweg,wikidata,,Q1410,way
"Giesener Straße",wikidata,,Q635190,way
"Gifhorner Straße",wikidata,,Q14813,way
Gimpelsteg,wikidata,,Q25382,way
Gimseweg,wikidata,,Q37090551,way
Ginsterweg,wikidata,,Q5616,way
Girlitzpark,wikidata,,Q271807,way
Giselherweg,wikidata,,Q1291259,way
Glashüttenstraße,wikidata,,Q1576275,way
"Glatzer Straße",wikidata,,Q284604,way
"Gleidinger Straße",wikidata,,Q315389,way
"Gleiwitzer Straße",wikidata,,Q105084,way
Glimmerweg,wikidata,,Q114675,way
Glockseestraße,wikidata,,Q106614723,way
"Glogauer Weg",wikidata,,Q66013,way
Glosterweg,wikidata,,Q353082,way
"Glücksburger Weg",wikidata,,Q494617,way
"Gnesener Weg",wikidata,,Q51432,way
Godehardistraße,wikidata,,Q2318671,way
Gödekeweg,wikidata,,Q16746939,way
"Godshorner Damm",wikidata,,Q1533915,way
Göhrdestraße,wikidata,,Q541647,way
Goldmarieweg,wikidata,,Q98699810,way
Goldrutenweg,wikidata,,Q212939;Q2265252,way
Gölenkamp,wikidata,,Q624634,way
"Görlitzer Hof",wikidata,,Q4077,way
"Goslarsche Straße",wikidata,,Q3896,way
"Gothaer Straße",wikidata,,Q6986,way
"Göttinger Chaussee",wikidata,,Q3033,way
"Göttinger Hof",wikidata,,Q3033,way
"Göttinger Straße",wikidata,,Q3033,relation
Grabenweg,wikidata,,Q192810,way
Granitweg,wikidata,,Q41177,way
"Grasdorfer Straße",wikidata,,Q1543421,way
Grasekamp,wikidata,,Q1434274,way
"Graudenzer Weg",wikidata,,Q123511,way
"Gravensteiner Allee",wikidata,,Q489226,way
"Grazer Straße",wikidata,,Q13298,way
Grebenberg,wikidata,,Q25391,way
Gredelfeldstraße,wikidata,,Q1434274,way
"Greifswalder Straße",wikidata,,Q4098,way
Grenzstraße,wikidata,,Q3308569,way
Gretelriede,wikidata,,Q1434274,way
Grillenweg,wikidata,,Q47328,way
Grimmstraße,wikidata,,Q2793,way
Grindelhof,wikidata,,Q2477852,way
"Groß-Buchholzer Kirchweg",wikidata,,Q2316591,way
"Groß-Buchholzer Straße",wikidata,,Q97920888,way
"Große Barlinge",wikidata,,Q1434274,way
"Große Pranke",wikidata,,Q1434274,way
"Großer Hillen",wikidata,,Q1434274,way
Gröven,wikidata,,Q1434274,way
"Grünberger Weg",wikidata,,Q990669,way
"Grüne Aue",wikidata,,Q1434274,way
Grünlinde,wikidata,,Q127849,way
Grünspechtwiese,wikidata,,Q166171,way
"Gumbinner Weg",wikidata,,Q5663,way
Gundelrebe,wikidata,,Q162544,way
Günselweg,wikidata,,Q158472,way
"Gut Kronsberg",wikidata,,Q54453798,way
Haasemannstraße,wikidata,,Q22265415,way
Hafenbahnweg,wikidata,,Q1484907,way
Hagebuttenweg,wikidata,,Q46740,way
Hagenbleckstraße,wikidata,,Q1434274,way
Hagensmoor,wikidata,,Q1434274,way
Hagenstraße,wikidata,,Q1510380,way
Hägenstraße,wikidata,,Q1434274,way
Hägewiesen,wikidata,,Q1434274,way
Hainbuchenweg,wikidata,,Q158776,way
"Hainhölzer Markt",wikidata,,Q76451696,way
"Hainhölzer Straße",wikidata,,Q76451696,way
Halkettstraße,wikidata,,Q21233719,way
"Hallermünder Straße",wikidata,,Q469751,way
"Hallesche Straße",wikidata,,Q2814,way
"Hamburger Allee",wikidata,,Q1055,relation+way
"Hamelner Chaussee",wikidata,,Q4062,way
Hamstergrund,wikidata,,Q6573,way
"Hannoversche Straße",wikidata,,Q1715,way
Hansastraße,wikidata,,Q42908,way
Hänselriede,wikidata,,Q11829,way
"Harburger Hof",wikidata,,Q3489,way
"Harenberger Straße",wikidata,,Q1585266,way
"Harener Hof",wikidata,,Q529185,way
"Harsumer Straße",wikidata,,Q531536,way
Hartenbrakenstraße,wikidata,,Q1434274,way
"Harzburger Platz",wikidata,,Q522459,way
"Harzburger Straße",wikidata,,Q522459,way
Haselnußweg,wikidata,,Q124969,way
"Haselünner Straße",wikidata,,Q498521,way
Hasenberg,wikidata,,Q1434274,way
Hasenplan,wikidata,,Q25900,way
Hasenwinkel,wikidata,,Q1434274,way
"Haster Weg",wikidata,,Q659292,way
Havelweg,wikidata,,Q1682,way
Haverkamp,wikidata,,Q1434274,way
Heckenrosengang,wikidata,,Q137608,way
Hegefeldstraße,wikidata,,Q1434274,way
Hegelstraße,wikidata,,Q98793204,way
Heidelbeerweg,wikidata,,Q5079636,way
Heidering,wikidata,,Q311124,way
Heidewinkel,wikidata,,Q1434274,way
Heidjerhof,wikidata,,Q97255127,way
Heidkampsee,wikidata,,Q106847176,way
Heiligengeiststraße,wikidata,,Q19285085,way
"Heilsberger Weg",wikidata,,Q751123,way
Heimburgstraße,wikidata,,Q1595734,way
Heimstraße,wikidata,,Q1307276,way
Heinersdorfweg,wikidata,,Q693540,way
"Heiseder Straße",wikidata,,Q1601302,way
"Heitlinger Hof",wikidata,,Q17322211,way
"Heitlinger Straße",wikidata,,Q17322211,way
Helene-Weber-Brücke,wikidata,,Q1616278,way
"Helgoländer Straße",wikidata,,Q3129772,way
Hellenkamp,wikidata,,Q1434274,way
"Helmstedter Straße",wikidata,,Q486562,way
"Helstorfer Straße",wikidata,,Q1604578,way
Helwingerodestraße,wikidata,,Q350895,way
"Hemminger Weg",wikidata,,Q534259,way
Henniesruh,wikidata,,Q4404694,way
"Herforder Straße",wikidata,,Q3971,way
Herkuleshof,wikidata,,Q10448,way
Hermann-Löns-Park,wikidata,,Q1610456,way
"Hermannsburger Damm",wikidata,,Q549731,way
Hermannstraße,wikidata,,Q1158570,way
Hermesallee,wikidata,,Q41484,way
Herninghof,wikidata,,Q27393,way
"Herrenhäuser Allee",wikidata,,Q63387763,relation
"Herrenhäuser Kirchweg",wikidata,,Q63387763,way
"Herrenhäuser Markt",wikidata,,Q63387763,relation
"Herrenhäuser Straße",wikidata,,Q63387763,way
Herrenstraße,wikidata,,Q45710336,way
"Herzlaker Straße",wikidata,,Q629886,way
Heseper-Moor-Weg,wikidata,,Q1341733,way
Hespenkamp,wikidata,,Q1434274,way
Hildeboldstraße,wikidata,,Q1541453,way
"Hildesheimer Straße",wikidata,,Q3185,relation+way
Hilshof,wikidata,,Q1618894,way
Himptenhof,wikidata,,Q106846888,way
"Hinter dem Dorfe",wikidata,,Q1434274,way
"Hinter dem Holze",wikidata,,Q1434274,way
"Hinter dem Kampe",wikidata,,Q1434274,way
"Hinter der Alten Burg",wikidata,,Q1951737,way
"Hintere Schöneworth",wikidata,,Q19798648,way
"Hinterm Heidbleek",wikidata,,Q1434274,way
Hinüberstraße,wikidata,,Q2718502,way
Hirschanger,wikidata,,Q1676123,way
"Hirschberger Straße",wikidata,,Q147934,way
Hirtenweg,wikidata,,Q58148313,way
Hitzackerweg,wikidata,,Q572535,way
Hofhäuserweg,wikidata,,Q41368581,way
Hoflage,wikidata,,Q131596,way
"Hohe Linde",wikidata,,Q1434274,way
Hohe-Bünte-Weg,wikidata,,Q1434274,way
Hohensteinweg,wikidata,,Q1623814,way
Hohenzollernstraße,wikidata,,Q83969,way
Höltjebaumstraße,wikidata,,Q47161,way
Holzwiesen,wikidata,,Q1434274,way
Homburgweg,wikidata,,Q7040,way
Honerkamp,wikidata,,Q1434274,way
Honholt,wikidata,,Q1434274,way
Honiggrasweg,wikidata,,Q158110,way
Hornweg,wikidata,,Q1434274,way
"Höversche Straße",wikidata,,Q1651971,way
Hudeplan,wikidata,,Q30121,way
Hümmlingweg,wikidata,,Q328764,way
Hunsrückweg,wikidata,,Q311234,way
Husarenstraße,wikidata,,Q191713,way
"Husumer Weg",wikidata,,Q21159,way
Ibykusweg,wikidata,,Q314153,way
Igelgrund,wikidata,,Q28257,way
Igelweg,wikidata,,Q28257,way
Ihmeplatz,wikidata,,Q785056,way
"Ihmer Straße",wikidata,,Q1657907,way
Ikarusallee,wikidata,,Q34041,way
Illerweg,wikidata,,Q159467,way
"Ilmenauer Weg",wikidata,,Q205929,way
"Ilsenburger Weg",wikidata,,Q529928,way
"Iltener Straße",wikidata,,Q1659256,way
"Im Born",wikidata,,Q1434274,way
"Im Bruche",wikidata,,Q1434274,way
"Im Bruchkampe",wikidata,,Q1434274,way
"Im Buchenfelde",wikidata,,Q1434274,way
"Im Büntefelde",wikidata,,Q1434274,way
"Im Dorfe",wikidata,,Q47457067,way
"Im Dornbusch",wikidata,,Q201851,way
"Im Eichholz",wikidata,,Q12004,way
"Im Flöte",wikidata,,Q1434274,way
"Im Gosewinkel",wikidata,,Q620938,way
"Im Großen Büchenfeld",wikidata,,Q1434274,way
"Im Großen Freien",wikidata,,Q21035355,way
"Im Hasenwinkel",wikidata,,Q25900,way
"Im Heckenweg",wikidata,,Q235779,way
"Im Heidkampe",wikidata,,Q1434274,way
"Im Heimfrieden",wikidata,,Q24272608,way
"Im Hellerloh",wikidata,,Q1434274,way
"Im Kamp",wikidata,,Q1434274,way
"Im Kleinen Bruche",wikidata,,Q1434274,way
"Im Klingenkampe",wikidata,,Q1434274,way
"Im Kreuzkampe",wikidata,,Q1434274,way
"Im Krummen Sieke",wikidata,,Q1434274,way
"Im Lohfelde",wikidata,,Q1434274,way
"Im Moore",wikidata,,Q1434274,relation
"Im Myrtenkranz",wikidata,,Q6122027,way
"Im Othfelde",wikidata,,Q1434274,way
"Im Othfelde 59",wikidata,,Q1434274,way
"Im Othfelde 62 / Fliederweg",wikidata,,Q1434274,way
"Im Othfelde 65",wikidata,,Q1434274,way
"Im Othfelde 67",wikidata,,Q1434274,way
"Im Othfelde 69",wikidata,,Q1434274,way
"Im Rehwinkel",wikidata,,Q1434274;Q1676123,way
"Im Reihpiepenfelde",wikidata,,Q1434274,way
"Im Rispengras",wikidata,,Q157656,way
"Im Roggenfelde",wikidata,,Q1434274,way
"Im Seefelde",wikidata,,Q1434274,way
"Im Straußgras",wikidata,,Q161137,way
"Im Süstern",wikidata,,Q1434274,way
"Im Triftfelde",wikidata,,Q1434274,way
"Im Wiesenhof",wikidata,,Q1434274,way
"Im Wolfskampe",wikidata,,Q1434274,way
"Im Wollgrase",wikidata,,Q161739,way
"Im Wölpfelde",wikidata,,Q1434274,way
"Im Zittergras",wikidata,,Q158120,way
Imkerweg,wikidata,,Q176353,way
Immengarten,wikidata,,Q1434274,way
"In den Belsen",wikidata,,Q1434274,way
"In den Binsen",wikidata,,Q158480,way
"In den Feldern",wikidata,,Q188869,way
"In den Fuhren",wikidata,,Q1740919,way
"In den Obstwiesen",wikidata,,Q236371,way
"In den Seeackern",wikidata,,Q1434274,way
"In den Seggen",wikidata,,Q158501,way
"In den Sieben Stücken",wikidata,,Q1434274,way
"In der Bebie",wikidata,,Q1434274,way
"In der Bruchheide",wikidata,,Q1434274,way
"In der Rehre",wikidata,,Q1434274,way
"In der Steinbreite",wikidata,,Q1434274,way
"In der Steinriede",wikidata,,Q1434274,way
"In der Streeke",wikidata,,Q1434274,way
Industrieweg,wikidata,,Q329683,way
Innersteweg,wikidata,,Q708857,way
"Innsbrucker Straße",wikidata,,Q1735,way
Innstraße,wikidata,,Q14369,way
"Insterburger Weg",wikidata,,Q5655,way
Insterweg,wikidata,,Q5616,way
Isarstraße,wikidata,,Q106588,way
"Isernhagener Straße",wikidata,,Q514571,way
Issendorffstraße,wikidata,,Q65238833,way
Ithstraße,wikidata,,Q73004,way
Jädekamp,wikidata,,Q1434274,way
Jakobskamp,wikidata,,Q1434274,way
Jasminweg,wikidata,,Q2718279,way
"Jenaer Weg",wikidata,,Q3150,way
Jobstweg,wikidata,,Q18192705,way
Johanneskamp,wikidata,,Q1434274,way
Jonathanweg,wikidata,,Q494446,way
Jorindeweg,wikidata,,Q463523,way
"Juister Weg",wikidata,,Q17075627,way
Juraweg,wikidata,,Q45805,way
Jürgenweg,wikidata,,Q2670311,way
Justus-Garten-Brücke,wikidata,,Q55830712,way
Jütlandstraße,wikidata,,Q25389,way
Kabelkamp,wikidata,,Q883655,way
Kahlendamm,wikidata,,Q1434274,way
Kalmiaweg,wikidata,,Q1427635,way
Kambriumweg,wikidata,,Q79064,way
"Kamenzer Weg",wikidata,,Q81722,way
Kamerunweg,wikidata,,Q1009,way
Kammweg,wikidata,,Q1271028,way
Kampsriede,wikidata,,Q1434274,way
Kampstraße,wikidata,,Q1416616,way
Kanalstraße,wikidata,,Q48480;Q88480,way
Kansteinweg,wikidata,,Q187612,way
Kapellenbrink,wikidata,,Q19965132,way
Kapellenplatz,wikidata,,Q1406983,way
Kapellenstraße,wikidata,,Q108325,way
Kapellenweg,wikidata,,Q47087885,way
Karbonweg,wikidata,,Q133738,way
"Karlsbader Straße",wikidata,,Q384544,way
"Karlsruher Straße",wikidata,,Q1040,way
"Kärntner Platz",wikidata,,Q37985,way
"Kasseler Straße",wikidata,,Q2865,way
Kastanienallee,wikidata,,Q129324,way
Kastanienweg,wikidata,,Q158752,way
Katalonienweg,wikidata,,Q5705,way
Käthe-Paulus-Platz,wikidata,,Q1434274,way
Kattenbrookstrift,wikidata,,Q1434274,way
Katzenwinkel,wikidata,,Q1434274,way
Käuzchenweg,wikidata,,Q8021345,way
Kauzenwinkel,wikidata,,Q241515,way
Kerbelweg,wikidata,,Q745445,way
Kesselstraße,wikidata,,Q63203839,way
Keuperweg,wikidata,,Q47158,way
Kiebitzrain,wikidata,,Q25392,way
Kiefernpfad,wikidata,,Q12024,way
Kiefkampstraße,wikidata,,Q1434274,way
Kieselgrund,wikidata,,Q133833,way
Kieselgurweg,wikidata,,Q193414,way
"Kirchbichler Straße",wikidata,,Q263647,way
"Kirchhorster Straße",wikidata,,Q1517161,way
"Kirchröder Straße",wikidata,,Q15727660,way
Kirchstraße,wikidata,,Q1739180,way
"Kirchwender Straße",wikidata,,Q1744355,way
Kirschgarten,wikidata,,Q196,way
"Klagenfurter Straße",wikidata,,Q41753,way
Klaskamp,wikidata,,Q25243,way
Klaterfeldweg,wikidata,,Q97921414,way
"Kleefelder Straße",wikidata,,Q97921414,way
Kleestraße,wikidata,,Q101538,way
Kleiberweg,wikidata,,Q156767,way
Kleifeld,wikidata,,Q188869,way
"Klein-Buchholzer Kirchweg",wikidata,,Q2316591,way
"Kleine Heide",wikidata,,Q1434274,way
"Kleiner Hillen",wikidata,,Q1434274,way
"Kleines Pagenbleek",wikidata,,Q1434274,way
Kleiststraße,wikidata,,Q21225266,way
Klewergarten,wikidata,,Q101538,way
Klingenkamphof,wikidata,,Q98167282,way
Kniestraße,wikidata,,Q37425,way
Knochenhauerstraße,wikidata,,Q329737,way
"Koblenzer Straße",wikidata,,Q3104,way
Kolbergstraße,wikidata,,Q110011,way
"Koldinger Straße",wikidata,,Q1779101,way
Kolkhof,wikidata,,Q1434274,way
"Königsberger Ring",wikidata,,Q1829,way
"Königsberger Straße",wikidata,,Q1829,way
Königskinderweg,wikidata,,Q79758155,way
"Königsworther Platz",wikidata,,Q22115831,way
Konkordiastraße,wikidata,,Q10354157,way
Konradstraße,wikidata,,Q18156186,way
"Kopenhagener Straße",wikidata,,Q1748,way
Köpenickweg,wikidata,,Q521521,way
Koppelweg,wikidata,,Q30121,way
Korallenweg,wikidata,,Q171446,way
Kornradenstraße,wikidata,,Q147852,way
Kornstraße,wikidata,,Q1735182,way
Körtingsdorf,wikidata,,Q1796699,way
"Körtingsdorfer Weg",wikidata,,Q1796699,way
Körtingstraße,wikidata,,Q126848,way
"Kösliner Weg",wikidata,,Q62868,way
Krähenberg,wikidata,,Q1434274,way
Kramerstraße,wikidata,,Q215536,way
Kranichzug,wikidata,,Q4764,way
Kreideweg,wikidata,,Q183670,way
"Kreuzburger Weg",wikidata,,Q79322,way
Kreuzbusch,wikidata,,Q1434274,way
Kreuzkämpe,wikidata,,Q1434274,way
Kreuzkirchhof,wikidata,,Q1447206,way
Kreuzriede,wikidata,,Q1788454,way
Kreuzstraße,wikidata,,Q1447206,way
Kriemhildenweg,wikidata,,Q1257834,way
"Kronsberger Straße",wikidata,,Q166745,way
Kröpcke,wikidata,,Q108330656,way
Kröpckepassage,wikidata,,Q884221,way
Krügerskamp,wikidata,,Q1434274,way
Krugstraße,wikidata,,Q62602544,way
Küchengartenstraße,wikidata,,Q624114,way
Kuckucksbusch,wikidata,,Q2998680,way
Kugelfangtrift,wikidata,,Q521839,way
Kuhleger,wikidata,,Q1434274,way
Külfweg,wikidata,,Q1673184,way
"Kulmer Weg",wikidata,,Q161962,way
"Kurländer Weg",wikidata,,Q185072,way
Kurze-Kamp-Straße,wikidata,,Q1434274,way
"Küstriner Straße",wikidata,,Q156837,way
"Laatzener Straße",wikidata,,Q14856,way
"Laher Kirchweg",wikidata,,Q2316591,way
Laher-Feld-Straße,wikidata,,Q1434274,way
Lahwiesen,wikidata,,Q1434274,way
Landschaftstraße,wikidata,,Q1026602,way
Lange-Feld-Straße,wikidata,,Q1434274,way
Lange-Hop-Straße,wikidata,,Q1434274,way
Langensalzastraße,wikidata,,Q535811,way
Langrederhof,wikidata,,Q98435224,way
Lankwitzweg,wikidata,,Q671474,way
Lärchenstraße,wikidata,,Q25618,way
Lärchenweg,wikidata,,Q25618,way
"Laubaner Weg",wikidata,,Q115723,way
"Lauenauer Straße",wikidata,,Q592405,way
"Lauenburger Hof",wikidata,,Q492380,way
Laurinweg,wikidata,,Q69471574,way
"Lausitzer Wende",wikidata,,Q32530,way
Lavendelweg,wikidata,,Q42081,way
Lebaweg,wikidata,,Q1810813,way
Lechstraße,wikidata,,Q155841,way
Legionsbrücke,wikidata,,Q495729,way
Lehmbrink,wikidata,,Q1434274,way
Lehmbuschfeld,wikidata,,Q1434274,way
"Lehrter Platz",wikidata,,Q7057,way
"Lehrter Straße",wikidata,,Q7057,way
Leierhof,wikidata,,Q10484,way
Leineinsel,wikidata,,Q33216154,way
"Leinhäuser Weg",wikidata,,Q97924530,way
Leinstraße,wikidata,,Q161051,way
"Leipziger Straße",wikidata,,Q106840523;Q2079,way
Lengerichhof,wikidata,,Q684015,way
"Lenther Chaussee",wikidata,,Q1818291,relation
"Lenther Straße",wikidata,,Q1818291,way
Lerchenfeldstraße,wikidata,,Q1434274,way
Lerchenort,wikidata,,Q2839337,way
Lerchenstieg,wikidata,,Q2839337,way
Letterstraße,wikidata,,Q1821159,way
Letterweg,wikidata,,Q1821159,way
"Levester Straße",wikidata,,Q1821830,way
Liasweg,wikidata,,Q45805,way
Libellenufer,wikidata,,Q1721302,way
Lichtenradeweg,wikidata,,Q821101,way
Liebensteinweg,wikidata,,Q557041,way
Ligusterweg,wikidata,,Q753099,way
Lilienstraße,wikidata,,Q5194627,way
Limburgstraße,wikidata,,Q56292897,way
Limmerbrunnen,wikidata,,Q17323044,way
Limmerstraße,wikidata,,Q18615968,way
Lindenallee,wikidata,,Q127849,way
"Lindener Marktplatz",wikidata,,Q18615961,way
"Lindener Weg",wikidata,,Q18615961,way
Lindenstraße,wikidata,,Q127849,way
Lindenweg,wikidata,,Q127849,way
Lindhorn,wikidata,,Q1434274,way
Linneworth,wikidata,,Q1434274,way
"Linzer Straße",wikidata,,Q41329,way
"Lissabonner Allee",wikidata,,Q597,way
"Lister Platz",wikidata,,Q9004530,relation+way
"Loccumer Straße",wikidata,,Q315013,way
Lohfeldweg,wikidata,,Q1434274,way
Lohkamp,wikidata,,Q1434274,way
Lohweg,wikidata,,Q1510340,way
"London Street",wikidata,,Q84,way
Lorenbahnweg,wikidata,,Q1402344,way
"Loruper Weg",wikidata,,Q509099,way
"Lothringer Straße",wikidata,,Q1137,way
Löwenstraße,wikidata,,Q140,way
Löwenzahnweg,wikidata,,Q30024,way
Lubowitzweg,wikidata,,Q6640660,way
"Lüchower Straße",wikidata,,Q705643,way
"Luckenwalder Straße",wikidata,,Q574146,way
Lüdersworth,wikidata,,Q1434274,way
Lüderweg,wikidata,,Q19688942,way
Ludwigsaue,wikidata,,Q4404694,way
Lundenweg,wikidata,,Q1880315,way
"Lüneburger Damm",wikidata,,Q3920,way
Lütkenkamp,wikidata,,Q1434274,way
Machandelweg,wikidata,,Q25662,way
"Magdeburger Straße",wikidata,,Q1733,way
Mahlsdorfweg,wikidata,,Q563837,way
Maigoldweg,wikidata,,Q41779143,way
"Mailänder Straße",wikidata,,Q490,way
"Mainzer Straße",wikidata,,Q1720,way
Malagaweg,wikidata,,Q8851,way
Mallnitzstraße,wikidata,,Q692892,way
"Malmedyer Straße",wikidata,,Q31824088,way
Malmweg,wikidata,,Q499312,way
Mandelslohstraße,wikidata,,Q1888954,way
Mardalstraße,wikidata,,Q446352,way
"Marienbader Straße",wikidata,,Q523469,way
"Marienburger Weg",wikidata,,Q146820,way
Marienwerderstraße,wikidata,,Q1775639,way
"Märkischer Weg",wikidata,,Q148499,way
Marktstraße,wikidata,,Q13033698,way
Mars-la-Tour-Straße,wikidata,,Q699262,way
Martinstraße,wikidata,,Q18002399,way
Masurenweg,wikidata,,Q815834,way
Matthäikirchstraße,wikidata,,Q97460490,way
"Mecklenburger Straße",wikidata,,Q109057,way
Mecklenheidestraße,wikidata,,Q61991396,way
Meierwiesen,wikidata,,Q1434274,way
Meisenwinkel,wikidata,,Q168473,way
"Meißener Hof",wikidata,,Q8738,way
"Mellendorfer Straße",wikidata,,Q1757815,way
"Memeler Straße",wikidata,,Q776965,way
"Meppener Straße",wikidata,,Q15977,way
"Meraner Straße",wikidata,,Q131605,way
Mercedesstraße,wikidata,,Q36008,way
Merkurstraße,wikidata,,Q308,way
Merlinweg,wikidata,,Q131918,way
"Merziger Straße",wikidata,,Q16130,way
"Mettlacher Straße",wikidata,,Q543627,way
"Metzer Straße",wikidata,,Q22690,way
Milanstraße,wikidata,,Q208342,way
Milchgang,wikidata,,Q8495,way
"Militscher Weg",wikidata,,Q717933,way
Mirabellengarten,wikidata,,Q149741,way
Mispelweg,wikidata,,Q146186,way
Möckernstraße,wikidata,,Q1497923,way
Moldauweg,wikidata,,Q131574,way
Mönchekamp,wikidata,,Q1434274,way
Moorkamp,wikidata,,Q1434274,way
Moorwaldweg,wikidata,,Q446352,way
Moosbergstraße,wikidata,,Q1308985,way
Moosweg,wikidata,,Q29993,way
Moseldamm,wikidata,,Q1434274,way
Möwengrund,wikidata,,Q3112866,way
"Müdener Weg",wikidata,,Q878255,way
Mühlenweg,wikidata,,Q491738,way
Mühlenwinkel,wikidata,,Q1434274,way
"Müllinger Straße",wikidata,,Q1523037,way
Münchhausenstraße,wikidata,,Q832095,way
"Munzeler Straße",wikidata,,Q2035310,way
Muschelweg,wikidata,,Q213096,way
"Muswiller Weg",wikidata,,Q1955690,way
Nachmittagsweg,wikidata,,Q1434274,way
Nachtbleek,wikidata,,Q1434274,way
"Nackenberger Straße",wikidata,,Q1434274,way
Namibia-Allee,wikidata,,Q1030,way
"Nauheimer Straße",wikidata,,Q16105,way
"Naumburger Straße",wikidata,,Q15986,way
Neanderstraße,wikidata,,Q47461737,way
Neckarstraße,wikidata,,Q1673,way
Nedderfeldstraße,wikidata,,Q1434274,way
Negenstraße,wikidata,,Q19108,way
Neherfeld,wikidata,,Q1434274,way
"Neidenburger Weg",wikidata,,Q527768,way
"Neisser Weg",wikidata,,Q815721,way
Nelkenstraße,wikidata,,Q156099,way
Nelkenweg,wikidata,,Q156099,way
"Nenndorfer Chaussee",wikidata,,Q304977,way
"Nenndorfer Platz",wikidata,,Q31897647,way
Netzeweg,wikidata,,Q828869,way
"Neue Sachlichkeit",wikidata,,Q160218,way
"Neue Speicherstraße",wikidata,,Q98601379,way
"Neue Wietze",wikidata,,Q1434274,way
Neue-Land-Straße,wikidata,,Q1434274,way
"Neues Haus",wikidata,,Q2782675,relation+way
"Neunkirchener Platz",wikidata,,Q6880,way
"Neustädter Kirchhof",wikidata,,Q1981782,way
"Neustädter Straße",wikidata,,Q90886771,way
Neutral-Moresnet,wikidata,,Q151938,way
Nibelungenweg,wikidata,,Q1093934,way
"Niddener Weg",wikidata,,Q1004306,way
"Niebüller Weg",wikidata,,Q21014,way
Niederaue,wikidata,,Q1434274,way
Niederfeldstraße,wikidata,,Q1434274,way
Niedersachsenring,wikidata,,Q1197,way
"Nienburger Straße",wikidata,,Q16079,way
"Nienhagener Straße",wikidata,,Q374704,way
Nikolaistraße,wikidata,,Q1455685,way
Nogatweg,wikidata,,Q980095,way
Nollendorfstraße,wikidata,,Q659861,way
Noltemeyerbrücke,wikidata,,Q1284613,way
Nordallee,wikidata,,Q659,way
"Norderneyer Weg",wikidata,,Q17076164,way
Nordfeldstraße,wikidata,,Q1434274,way
"Nordhorner Straße",wikidata,,Q4133,way
Nordring,wikidata,,Q659,way
Nordwaldstraße,wikidata,,Q1998786,way
"Northeimer Wende",wikidata,,Q498575,way
Nußriede,wikidata,,Q1434274,way
"Obere Reihe",wikidata,,Q1434274,way
"Oberricklinger Tor",wikidata,,Q3033;Q97940644,way
Odensehof,wikidata,,Q25331,way
Odenwaldstraße,wikidata,,Q8359,way
Oderstraße,wikidata,,Q552,way
Oertzeweg,wikidata,,Q298023,way
Ohedamm,wikidata,,Q1616278,way
Ohefeldweg,wikidata,,Q1434274,way
Oheriedentrift,wikidata,,Q1434274,way
Ohestraße,wikidata,,Q193110,way
"Ohlauer Straße",wikidata,,Q924049,way
"Ohlendorfer Weg",wikidata,,Q1452800,way
"Oisseler Straße",wikidata,,Q752885,way
Okerweg,wikidata,,Q701512,way
"Oldenburger Allee",wikidata,,Q2936,way
Oleanderweg,wikidata,,Q155833,way
Omptedastraße,wikidata,,Q23672750,way
Opernplatz,wikidata,,Q315705,relation
Ortskamp,wikidata,,Q1434274,way
"Osnabrücker Straße",wikidata,,Q2916,way
Ostafrikastraße,wikidata,,Q924,way
Osterfelddamm,wikidata,,Q1434274,way
Osterforth,wikidata,,Q1434274,way
"Osteroder Weg",wikidata,,Q327727,way
Osterstraße,wikidata,,Q684,way
"Osterwalder Wende",wikidata,,Q2035423,way
Ostfeldstraße,wikidata,,Q1434274,way
Ostlandstraße,wikidata,,Q700842,way
"Ostwender Straße",wikidata,,Q98446777,way
Otternplan,wikidata,,Q200184,way
Ottweilerstraße,wikidata,,Q562147,way
Owiedenfeldstraße,wikidata,,Q1434274,way
"Paderborner Straße",wikidata,,Q2971,way
Pagenstraße,wikidata,,Q21036590,way
Papenkamp,wikidata,,Q1434274,way
Pappelbrink,wikidata,,Q25356,way
Pappelteich,wikidata,,Q25356,way
Pappelweg,wikidata,,Q25356,way
Pappelwiese,wikidata,,Q25356,way
"Pariser Platz",wikidata,,Q90,way
Passargeweg,wikidata,,Q2055907,way
Pavillonstraße,wikidata,,Q24054465,way
"Peiner Straße",wikidata,,Q6850,way
Pelikanplatz,wikidata,,Q202133,way
Pelikanstraße,wikidata,,Q202133,way
Peperfeld,wikidata,,Q1434274,way
Permweg,wikidata,,Q76402,way
Petit-Couronne-Straße,wikidata,,Q1167062,way
Pfalzstraße,wikidata,,Q326359,way
Pfarrlandplatz,wikidata,,Q1434274,way
Pfarrlandstraße,wikidata,,Q1434274,way
Pfarrstraße,wikidata,,Q105281289,way
Pferdestraße,wikidata,,Q26882655,way
Pfirsichgarten,wikidata,,Q13189,way
"Pinkenburger Gang",wikidata,,Q98703769,way
"Pinkenburger Straße",wikidata,,Q98703769,way
Pinocchioweg,wikidata,,Q6502703,way
"Pirmasenser Straße",wikidata,,Q14849,way
Pirolweg,wikidata,,Q25388,way
Planetenring,wikidata,,Q15853610,way
Platanenhof,wikidata,,Q163025,way
"Platz an der Basilika",wikidata,,Q810108,relation
"Platz der Göttinger Sieben",wikidata,,Q632130,relation
"Platz der Klein-Buchholzer Bürger",wikidata,,Q1746193;Q1020994,way
"Platz der Weltausstellung",wikidata,,Q734463,way
"Plauener Straße",wikidata,,Q3952,way
Plinkestraße,wikidata,,Q98298501,way
Plutohof,wikidata,,Q339,way
Poggendiek,wikidata,,Q1434274,way
"Polziner Weg",wikidata,,Q772458,way
Porstweg,wikidata,,Q247714,way
Portlandstraße,wikidata,,Q22137974,way
"Posener Straße",wikidata,,Q268,way
Prankeweg,wikidata,,Q1434274,way
Pregelweg,wikidata,,Q5611,way
Prinzenstraße,wikidata,,Q899567,way
Prußweg,wikidata,,Q1056301,way
"Pyrmonter Straße",wikidata,,Q556352,way
Quantelholz,wikidata,,Q28467326,way
Quarzweg,wikidata,,Q43010,way
"Quedlinburger Weg",wikidata,,Q40623,way
Quellengrund,wikidata,,Q17323044,way
Quendelring,wikidata,,Q131224,way
Quittengarten,wikidata,,Q43300,way
Rabenhorst,wikidata,,Q8335,way
"Radebeuler Hof",wikidata,,Q8762,way
Raland,wikidata,,Q1434274,way
Rampenstraße,wikidata,,Q16830551,way
Rankenstraße,wikidata,,Q165859,way
Rapunzelweg,wikidata,,Q273585,way
Raschplatzhochstraße,wikidata,,Q1688975,way
"Ratiborer Weg",wikidata,,Q25302,way
Rebhuhnfeld,wikidata,,Q26106,way
Regaweg,wikidata,,Q504582,way
"Regenwalder Straße",wikidata,,Q558723,way
Rehagen,wikidata,,Q1434274,way
Rehbruch,wikidata,,Q1434274,way
Rehbuschfeld,wikidata,,Q1434274,way
"Rehmer Feld",wikidata,,Q1434274,way
Rehwinkel,wikidata,,Q122069,way
"Reichenberger Straße",wikidata,,Q146351,way
Reiherstieg,wikidata,,Q18789,way
Reiterbleeke,wikidata,,Q1434274,way
"Rendsburger Straße",wikidata,,Q490457,way
"Rethener Straße",wikidata,,Q2104468,way
"Revaler Straße",wikidata,,Q1770,way
Rheinstraße,wikidata,,Q584,way
Rhododendronweg,wikidata,,Q189393,way
Rhönweg,wikidata,,Q148988,way
Rhumeweg,wikidata,,Q521276,way
"Ricklinger Kreisel",wikidata,,Q97940634,way
"Ricklinger Stadtweg",wikidata,,Q1417763,way
"Ricklinger Straße",wikidata,,Q1417763,way
Riedgrasweg,wikidata,,Q155843,way
Riepolskamp,wikidata,,Q1434274,way
Riethorst,wikidata,,Q1434274,way
"Rigaer Straße",wikidata,,Q1773,way
"Rintelner Straße",wikidata,,Q498571,way
Rischkamp,wikidata,,Q1434274,way
Rischwiesen,wikidata,,Q1434274,way
Ritterspornweg,wikidata,,Q160107,way
Robinienweg,wikidata,,Q157417,way
Rodbraken,wikidata,,Q1434274,way
"Rodenberger Straße",wikidata,,Q565492,way
Rodenstraße,wikidata,,Q1541453,way
Roderbruchmarkt,wikidata,,Q2161041,way
Roderbruchstraße,wikidata,,Q2161041,way
Röhrichtweg,wikidata,,Q1434274,way
Rohrskamp,wikidata,,Q1434274,way
Rominteweg,wikidata,,Q741927,way
Rönnegang,wikidata,,Q690062,way
Rönnehof,wikidata,,Q690062,way
"Ronnenberger Straße",wikidata,,Q555643,way
Rosenrotweg,wikidata,,Q98701481,way
Rosenweg,wikidata,,Q34687,way
Roskildehof,wikidata,,Q26563,way
"Rossitter Weg",wikidata,,Q1141723,way
"Rostocker Straße",wikidata,,Q2861,way
Roßkamphof,wikidata,,Q1434274,way
Roßkampstraße,wikidata,,Q1434274,way
Rotbuchenweg,wikidata,,Q146149,way
Rotekreuzstraße,wikidata,,Q7178,way
"Rotenburger Straße",wikidata,,Q498560,way
"Roter Sand",wikidata,,Q220034,way
Rothaarweg,wikidata,,Q4219,way
"Rothenfelder Straße",wikidata,,Q186168,way
Rothwiese,wikidata,,Q1434274,way
Rotkäppchenweg,wikidata,,Q11838,way
Rotkehlchenweg,wikidata,,Q25334,way
Rottkamp,wikidata,,Q1434274,way
Rübekamp,wikidata,,Q1434274,way
Rübezahlplatz,wikidata,,Q1778735,way
Rüdigerweg,wikidata,,Q1651599,way
Rudolfstraße,wikidata,,Q18028491,way
"Rue de Gent",wikidata,,Q1296,way
"Rügener Straße",wikidata,,Q3237,way
Rumpelstilzchenweg,wikidata,,Q322188,way
Rüterwiese,wikidata,,Q1434274,way
Saaleweg,wikidata,,Q1678,way
"Saarbrückener Straße",wikidata,,Q1724,way
Saarstraße,wikidata,,Q170361,way
Sachsenhain,wikidata,,Q2210617,way
Sachsenhof,wikidata,,Q1202,way
Sadebuschstraße,wikidata,,Q25662,way
Safariweg,wikidata,,Q849944,way
"Saganer Weg",wikidata,,Q158459,way
Sahlkamp,wikidata,,Q1434274,relation+way
Sahlkampmarkt,wikidata,,Q76356866,way
Salamancaweg,wikidata,,Q708580,way
Salbeiweg,wikidata,,Q157151,way
Salinenstraße,wikidata,,Q18620698,way
"Salzburger Straße",wikidata,,Q34713,way
"Salzdetfurther Straße",wikidata,,Q633004,way
"Salzhemmendorfer Straße",wikidata,,Q555604,way
"Salzwedeler Hof",wikidata,,Q486985,way
"Salzwedeler Straße",wikidata,,Q486985,way
Salzweg,wikidata,,Q18620698,way
Salzwiesen,wikidata,,Q18620698,way
Samlandweg,wikidata,,Q329676,way
Sandbirkenwende,wikidata,,Q156895,way
Sandsteinweg,wikidata,,Q13085,way
Sandstraße,wikidata,,Q34679,way
Sankt-Ingbert-Weg,wikidata,,Q14907,way
Sankt-Wendel-Weg,wikidata,,Q569676,way
"Sarstedter Straße",wikidata,,Q558620,way
Savannenweg,wikidata,,Q42320,way
Schäferbergstraße,wikidata,,Q1434274,way
Schäfertrift,wikidata,,Q22724,way
Schäferweg,wikidata,,Q81710,way
"Schaufelder Straße",wikidata,,Q1434274,way
Scheerenbleek,wikidata,,Q1434274,way
Scheffelfeld,wikidata,,Q1434274,way
Scheibenstandsweg,wikidata,,Q521839,way
Schieferkamp,wikidata,,Q1434274,way
Schierholzstraße,wikidata,,Q1434274,way
"Schierker Weg",wikidata,,Q702123,way
Schiffgraben,wikidata,,Q113508937,relation
Schiffhornfeld,wikidata,,Q1434274,way
Schipworden,wikidata,,Q1434274,way
Schlehengarten,wikidata,,Q129018,way
"Schleswiger Straße",wikidata,,Q501661,way
Schleusenweg,wikidata,,Q28124867,way
Schlorumpfsweg,wikidata,,Q1434274,way
Schloßstraße,wikidata,,Q450982,way
Schlüsselblumenweg,wikidata,,Q157552,way
"Schmale Wietze",wikidata,,Q110143760,way
Schmetterlingswende,wikidata,,Q28319,way
Schmiedeberg,wikidata,,Q1434274,way
Schmiedestraße,wikidata,,Q1639825,way
Schmöckwitzweg,wikidata,,Q563573,way
Schneewittchenweg,wikidata,,Q11831,way
"Schneidemühler Weg",wikidata,,Q556200,way
Schneiderberg,wikidata,,Q1434274,relation+way
Schnepfenweg,wikidata,,Q3469018,way
"Schneverdinger Weg",wikidata,,Q503006,way
Schnuckentrift,wikidata,,Q314363,way
"Schönebecker Allee",wikidata,,Q16020,way
Schuhstraße,wikidata,,Q152355,way
"Schulenburger Landstraße",wikidata,,Q1691700,way
Schulwinkel,wikidata,,Q107805313,way
"Schüttorfer Straße",wikidata,,Q515046,way
Schützenallee,wikidata,,Q521839,way
Schwalbenflucht,wikidata,,Q39861,way
"Schwalenberger Straße",wikidata,,Q2252876,way
Schwanenring,wikidata,,Q34384,way
"Schwarmstedter Straße",wikidata,,Q664377,way
"Schwarze Heide",wikidata,,Q1434274,way
"Schwarze Worth",wikidata,,Q1434274,way
Schwarzwaldstraße,wikidata,,Q4204,way
"Schweriner Platz",wikidata,,Q1709,way
"Schweriner Straße",wikidata,,Q1709,way
Schwesternhausstraße,wikidata,,Q2257373,way
Seckbruchstraße,wikidata,,Q105580270,way
Sedanstraße,wikidata,,Q156681,way
"Seelhorster Allee",wikidata,,Q2265252,way
"Seelhorster Platz",wikidata,,Q2265252,way
Seelhorststraße,wikidata,,Q2265252,way
"Sehnder Straße",wikidata,,Q625095,way
Seidelbastweg,wikidata,,Q122990,way
Seifeldstraße,wikidata,,Q1434274,way
Seilerstraße,wikidata,,Q2997128,way
Shepton-Mallet-Ring,wikidata,,Q1236661,way
Siebenschönweg,wikidata,,Q19520942,way
Siebertalstraße,wikidata,,Q65962733,way
Siedlerstraße,wikidata,,Q486972,way
Siegesstraße,wikidata,,Q46083,way
Siegfriedplatz,wikidata,,Q537554,way
Siegfriedweg,wikidata,,Q537554,way
Silurweg,wikidata,,Q62412,way
Simeonkirchplatz,wikidata,,Q22671328,way
Skagenhof,wikidata,,Q215177,way
Sodenstraße,wikidata,,Q1521042,way
Soetbrink,wikidata,,Q1434274,way
"Sögeler Straße",wikidata,,Q700831,way
Sohrenkamp,wikidata,,Q1434274,way
Sollingstraße,wikidata,,Q72949,way
"Soltauer Straße",wikidata,,Q504754,way
Sommerlindenallee,wikidata,,Q156831,way
"Sonderburger Straße",wikidata,,Q21179,way
"Sorauer Weg",wikidata,,Q148849,way
Spannhagenstraße,wikidata,,Q1434274,way
Spargelstraße,wikidata,,Q2853420,way
Spechtkehre,wikidata,,Q561145,way
Sperberweg,wikidata,,Q25380,way
Sperlingsfeld,wikidata,,Q25341,way
Spessartweg,wikidata,,Q182470,way
Spichernstraße,wikidata,,Q699238,way
Spierenweg,wikidata,,Q148745,way
Spinnereistraße,wikidata,,Q1449363,way
Spreeweg,wikidata,,Q1684,way
"Springer Straße",wikidata,,Q622891,way
Springrad,wikidata,,Q1434274,way
St.-Thomas-Kirchgang,wikidata,,Q105281814,way
Staakenweg,wikidata,,Q641926,way
Staatswiesenstraße,wikidata,,Q1434274,way
Stadionbrücke,wikidata,,Q152633,way
Stadtparkweg,wikidata,,Q2327758,way
Stadtstraße,wikidata,,Q1715,way
"Stallupöner Weg",wikidata,,Q172484,way
Ständehausstraße,wikidata,,Q1274788,way
Stapelweg,wikidata,,Q1434274,way
Starenweg,wikidata,,Q25469,way
"Stargarder Weg",wikidata,,Q106268,way
Stärkestraße,wikidata,,Q36747638,way
Statiusweg,wikidata,,Q26252632,way
Stedebrink,wikidata,,Q1434274,way
Steigerwaldweg,wikidata,,Q15079119,way
"Steimbker Hof",wikidata,,Q652577,way
Steinbergstraße,wikidata,,Q2339919,way
Steinbruchstraße,wikidata,,Q1434274,way
Steinfeldstraße,wikidata,,Q1434274,way
"Steinhuder Straße",wikidata,,Q897163,way
Steinkampweg,wikidata,,Q1434274,way
Steinriede,wikidata,,Q1434274,way
Steinrosenweg,wikidata,,Q2705310,way
Steintorfeldstraße,wikidata,,Q2341721,way
Steinworth,wikidata,,Q1434274,way
"Stelinger Straße",wikidata,,Q17326414,way
"Stemmer Weg",wikidata,,Q2342461,way
Stenhusenstraße,wikidata,,Q2533034,way
Sterntalerweg,wikidata,,Q11846,way
"Stettiner Weg",wikidata,,Q393,way
Steuerndieb,wikidata,,Q20184012,way
Sticksfeld,wikidata,,Q1434274,way
Stieglitzgang,wikidata,,Q25418,way
"Stöckener Markt",wikidata,,Q63387819,way
"Stöckener Straße",wikidata,,Q63387819,way
"Stockholmer Allee",wikidata,,Q1754,way
Stollenweg,wikidata,,Q58917,way
Storchendamm,wikidata,,Q28507,way
Storchenwiese,wikidata,,Q28507,way
Stralauweg,wikidata,,Q821148,way
"Stralsunder Straße",wikidata,,Q4065,way
"Straße der Nationen",wikidata,,Q734463,way
"Strelitzer Weg",wikidata,,Q161215,way
"Suderburger Wende",wikidata,,Q604584,way
Suderloh,wikidata,,Q1434274,way
Sudetenstraße,wikidata,,Q663389,way
Südfeldstraße,wikidata,,Q1434274,way
Südschnellweg,wikidata,,Q667,way
Südstrücken,wikidata,,Q1434274,way
"Sulzbacher Straße",wikidata,,Q616258,way
Süntelstraße,wikidata,,Q194975,way
"Sure Wisch",wikidata,,Q1434274,way
"Süßeroder Straße",wikidata,,Q24050355,way
"Süßroder Weg",wikidata,,Q24050355,way
"Sydney Garden",wikidata,,Q3130,way
"Sylter Weg",wikidata,,Q3107,way
Talaverastraße,wikidata,,Q23979439,way
Tannenbergallee,wikidata,,Q153858,way
Tannenweg,wikidata,,Q25350,way
Taunusweg,wikidata,,Q158884,way
Tegelweg,wikidata,,Q700055,way
Tempelhofweg,wikidata,,Q363830,way
"Teplitzer Straße",wikidata,,Q146342,way
Theaterstraße,wikidata,,Q315705,way
Thie,wikidata,,Q2058131,way
"Thönser Straße",wikidata,,Q2430673,way
"Thorner Straße",wikidata,,Q47554,way
"Thuler Weg",wikidata,,Q983956,way
"Thüringer Straße",wikidata,,Q1205,way
Thurnithistraße,wikidata,,Q8936588,way
"Tiefe Riehe",wikidata,,Q1434274,way
Tiergartenstraße,wikidata,,Q1676123,way
"Tietlinger Weg",wikidata,,Q1626823,way
"Tilsiter Straße",wikidata,,Q5647,way
Timmerloh,wikidata,,Q757163,way
Tintengraben,wikidata,,Q127418,way
Tintentrift,wikidata,,Q106857580,way
Togoweg,wikidata,,Q161062,way
Tollenbrink,wikidata,,Q1434274,way
"Tonderner Straße",wikidata,,Q3223979,way
Tönniesbergkreisel,wikidata,,Q18028811,way
Torgarten,wikidata,,Q1434274,way
"Torgauer Weg",wikidata,,Q12062,way
Torstraße,wikidata,,Q104229113,way
Trakehnerweg,wikidata,,Q1435624,way
Trappenkehre,wikidata,,Q21755,way
"Trautenauer Hof",wikidata,,Q320950,way
Treppenkamp,wikidata,,Q1434274,way
"Trierer Straße",wikidata,,Q3138,way
Tronjeweg,wikidata,,Q1568447,way
Tulpenstraße,wikidata,,Q93201,way
Tulpenweg,wikidata,,Q93201,way
"Tunxdorfer Schleife",wikidata,,Q314367,way
Türkstraße,wikidata,,Q1231534,way
Turmstraße,wikidata,,Q2320917,way
Twedenweg,wikidata,,Q1431910,way
Tweerbreite,wikidata,,Q1434274,way
Uferpfad,wikidata,,Q468756,way
Uferweg,wikidata,,Q468756,way
Uferzeile,wikidata,,Q468756,way
Ulmenweg,wikidata,,Q131113,way
Unstrutweg,wikidata,,Q168390,way
"Unter den Birken",wikidata,,Q25243,way
"Unter den Eichen",wikidata,,Q12004,way
"Untere Reihe",wikidata,,Q1434274,way
"Untere Steinbreite",wikidata,,Q1434274,way
Uslarplatz,wikidata,,Q159814,way
"Vahrenheider Markt",wikidata,,Q76356842,way
"Vahrenwalder Platz",wikidata,,Q97354172,way
"Vahrenwalder Straße",wikidata,,Q97354172,way
Varrelheide,wikidata,,Q1434274,way
Vechteweg,wikidata,,Q168904,way
Velberstraße,wikidata,,Q2512267,way
Velvetstraße,wikidata,,Q243519,way
Vennweg,wikidata,,Q599193,way
"Verdener Hof",wikidata,,Q486551,way
"Verdener Platz",wikidata,,Q486551,way
"Verdener Straße",wikidata,,Q486551,way
Vereinstraße,wikidata,,Q2307065,way
Veronicaweg,wikidata,,Q164053,way
"Vinnhorster Rathausplatz",wikidata,,Q543654,way
"Vinnhorster Weg",wikidata,,Q97763124,way
Vogelsbergstraße,wikidata,,Q317074,way
"Völklinger Straße",wikidata,,Q14876,way
Von-Alten-Allee,wikidata,,Q436538,way
Von-Graevemeyer-Weg,wikidata,,Q968135,way
"Vor der Kiehwiese",wikidata,,Q1434274,way
"Vor der Kornhast",wikidata,,Q1434274,way
"Vor der Seelhorst",wikidata,,Q97313071,way
Vreesweg,wikidata,,Q659192,way
"Wachendorfer Hain",wikidata,,Q2538354,way
Wachsbleiche,wikidata,,Q1434274,way
Wachtelstieg,wikidata,,Q28358,way
Waldhausenstraße,wikidata,,Q97059009,way
Waldheimstraße,wikidata,,Q7961512,way
Waldmeisterweg,wikidata,,Q161090,way
Waldstraße,wikidata,,Q1304028;Q99540279,way
Wallmodenstraße,wikidata,,Q1714413,way
"Walsroder Straße",wikidata,,Q520369,way
Wangenheimstraße,wikidata,,Q2548335,way
"Warnemünder Weg",wikidata,,Q311849,way
Wartburgstraße,wikidata,,Q151545,way
Wartheweg,wikidata,,Q201823,way
"Wasseler Straße",wikidata,,Q203964,way
Wasserkampstraße,wikidata,,Q1434274,way
Wasserweg,wikidata,,Q1434274,way
Waterloostraße,wikidata,,Q48314,way
Wedemarkhof,wikidata,,Q505948,way
Wegahof,wikidata,,Q3427,way
Wegerichtrift,wikidata,,Q164686,way
Wegsfeld,wikidata,,Q1434274,way
Wegsfeldhof,wikidata,,Q1434274,way
Weichselstraße,wikidata,,Q548,way
Weidenallee,wikidata,,Q36050,way
Weidendamm,wikidata,,Q157518,way
Weidengrund,wikidata,,Q36050,way
Weidkämpe,wikidata,,Q1434274,way
Weidkampshaide,wikidata,,Q1434274,way
"Weimarer Allee",wikidata,,Q3955,way
Weinkampswende,wikidata,,Q1434274,way
Weistfeld,wikidata,,Q1434274,way
"Weiße Erde",wikidata,,Q45190,way
"Weiße Hube",wikidata,,Q1434274,way
"Weiße Rose",wikidata,,Q153364,way
Weißenburgstraße,wikidata,,Q697306,way
Weizenfeldstraße,wikidata,,Q1735182,way
Weizenkamp,wikidata,,Q1434274,way
Welfengarten,wikidata,,Q2557511,way
Welfenstraße,wikidata,,Q156433,way
"Welkersdorfer Weg",wikidata,,Q2178471,way
Weltausstellungsallee,wikidata,,Q734463,way
"Wenderoder Weg",wikidata,,Q42313210,way
"Wendersche Goge",wikidata,,Q1434274,way
"Wennigser Straße",wikidata,,Q621469,way
Werftstraße,wikidata,,Q688581,way
"Wernigeroder Weg",wikidata,,Q15982,way
Werrastraße,wikidata,,Q6424,way
Weserstraße,wikidata,,Q1650,way
Westerfeldstraße,wikidata,,Q1434274,way
Westerwaldstraße,wikidata,,Q640966,way
Westpreußenufer,wikidata,,Q161947,way
Westschnellweg,wikidata,,Q679,way
Weststraße,wikidata,,Q679,way
"Wettberger Straße",wikidata,,Q97940796,way
Wettinerweg,wikidata,,Q152909,way
Wiedenlohe,wikidata,,Q1434274,way
Wiehenweg,wikidata,,Q702826,way
"Wiener Straße",wikidata,,Q1741,way
"Wienhauser Wende",wikidata,,Q566292,way
Wieselpfad,wikidata,,Q145201,way
"Wiesenauer Straße",wikidata,,Q89268278,way
Wietzegraben,wikidata,,Q110143760,way
Wietzendiek,wikidata,,Q212612,way
Wietzeufer,wikidata,,Q212612,way
Wilhelm-Tell-Straße,wikidata,,Q937281,way
"Wilhelmshavener Straße",wikidata,,Q3857,way
"Wilkenburger Straße",wikidata,,Q2576390,way
Wilksheide,wikidata,,Q1434274,way
Wilmersdorfweg,wikidata,,Q693628,way
"Wilseder Weg",wikidata,,Q2582523,way
Windheimstraße,wikidata,,Q1236118,way
Windhukstraße,wikidata,,Q3935,way
Windröschenweg,wikidata,,Q158286,way
"Winsener Straße",wikidata,,Q16000,way
Winzingerodeweg,wikidata,,Q1321937,way
Wipperweg,wikidata,,Q1973608,way
Wischkämpe,wikidata,,Q1434274,way
"Wismarer Straße",wikidata,,Q7030,way
Wittbusch,wikidata,,Q1434274,way
Wittekamp,wikidata,,Q1434274,way
"Wittenberger Straße",wikidata,,Q541956,way
Wittenbergpark,wikidata,,Q541956,way
"Wittinger Straße",wikidata,,Q552390,way
"Wolfenbütteler Straße",wikidata,,Q4122,way
"Wolfsburger Damm",wikidata,,Q3014,way
Wolfskuhle,wikidata,,Q1434274,way
Wollkämmerei,wikidata,,Q1271028,way
Wollweg,wikidata,,Q1271028,way
Wörthstraße,wikidata,,Q684479,way
"Wülfeler Bruch",wikidata,,Q9202379,way
"Wülfeler Straße",wikidata,,Q9202379,way
"Wülferoder Platz",wikidata,,Q63139304,way
"Wülferoder Straße",wikidata,,Q63139304,way
"Wülferoder Weg",wikidata,,Q63139304,way
Wulfeshorn,wikidata,,Q1434274,way
Wullanger,wikidata,,Q1434274,way
"Wunstorfer Landstraße",wikidata,,Q14827,way
"Wunstorfer Straße",wikidata,,Q14827,way
Wurmbergweg,wikidata,,Q314735,way
Zaunkönigweg,wikidata,,Q25740,way
Zechsteinweg,wikidata,,Q184168,way
Zehlendorfweg,wikidata,,Q324402,way
Zeisigweg,wikidata,,Q5261336,way
"Zellerfelder Allee",wikidata,,Q15377069,way
Ziegelstraße,wikidata,,Q198632,way
Zikadenweg,wikidata,,Q21447008,way
Zobtenweg,wikidata,,Q387148,way
"Zu den Mergelbrüchen",wikidata,,Q23787133,way
"Zu den Schwedenhäusern",wikidata,,Q15712186,way
"Zum Brookland",wikidata,,Q1681353,way
"Zum Buchengarten",wikidata,,Q11334401,way
"Zur Bettfedernfabrik",wikidata,,Q18632755,way
"Zur Hindenburgschleuse",wikidata,,Q2239440,way
"Zur Schwanenburg",wikidata,,Q55397558,way
"Zur Sternwarte",wikidata,,Q1546987,way
"Zur Wasserstadt",wikidata,,Q52312108,way
"Zweibrückener Straße",wikidata,,Q16017,way
"Zwickauer Straße",wikidata,,Q3778,way
Aegidiendamm,,,,way
"Ahlemer Waldstraße",,,,way
Ahornweg,,,,way
Akazienweg,,,,way
Alfred-Müller-Weg,,,,way
Allerweg,,,,way
"Alte Gehägestraße",,,,way
"Alte Hansastraße",,,,way
"Alte Rennstrecke",,,,way
"Alte Waldchaussee",,,,way
"Alte Ziegelei",,,,way
"Alter Abfuhrweg",,,,way
"Alter Damm",,,,way
"Alter Mühlenkamp",,,,way
Alterwiesen,,,,way
"Altfeierabend Bezirk 16",,,,way
"Altwarmbüchener Moor",,,,way
"Am Ahltener Weg",,,,way
"Am Bache",,,,way
"Am Barge",,,,way
"Am Beekestrand",,,,way
"Am Bolzplatz",,,,way
"Am Brambusch",,,,way
"Am Brückenhaus",,,,way
"Am Brunnenplatz",,,,way
"Am Deichhof",,,,way
"Am Dunstmoor",,,,way
"Am Echteweck",,,,way
"Am Edelhofe",,,,way
"Am Ententeich",,,,way
"Am Fasanenbusch",,,,way
"Am Finkenherd",,,,way
"Am Flachsgraben",,,,way
"Am Freihof",,,,way
"Am Gernsschen Acker",,,,way
"Am Graben",,,,way
"Am Graswege",,,,way
"Am Grünstreifen",,,,way
"Am Gutspark",,,,way
"Am Hinüberschen Garten",,,,way
"Am Hofs Meisterwinkel",,,,way
"Am Hohmannhof",,,,way
"Am Holzgraben",,,,way
"Am Inselgraben",,,,way
"Am Johannisbleek",,,,way
"Am Jugendheim",,,,way
"Am Kalkbruche",,,,way
"Am Kanonenwall",,,,way
"Am Kleinen Felde",,,,relation
"Am Laher Graben",,,,way
"Am Lebersood",,,,way
"Am Lindener Volkspark",,,,way
"Am Listholze",,,,way
"Am Lohgraben",,,,way
"Am Marstall",,,,way
"Am Papehof",,,,way
"Am Reitplatz",,,,way
"Am Rohfeld",,,,way
"Am Schmuckplatz",,,,way
"Am Sportplatz",,,,way
"Am Steintor",,,,relation
"Am Strande",,,,way
"Am Südhang",,,,way
"Am TÜV",,,,way
"Am Tannenkamp",,,,way
"Am Taubenfelde",,,,way
"Am Teich",,,,way
"Am Urnenfeld",,,,way
"Am Wäldchen",,,,way
"Am Waldesrand",,,,way
"Am Wasser",,,,way
"Am Westschnellweg",,,,way
"Am Wiesengarten",,,,way
"Am Wildpfad",,,,way
"Am Wolfsgraben",,,,way
Amsel-Allee,,,,way
Amselweg,,,,way
"An Mußmanns Haube",,,,way
"An den Föhren",,,,way
"An den Maschwiesen",,,,way
"An der Bues",,,,way
"An der Eisenbahn",,,,way
"An der Engesohde",,,,relation
"An der Feldmark",,,,way
"An der Feuerstelle",,,,way
"An der Hahnenburg",,,,way
"An der IGS Mühlenberg",,,,way
"An der Laubhütte",,,,way
"An der Schafbahn",,,,way
"An der Schwarzen Riede",,,,way
"An der Silberkuhle",,,,way
"An der Teufelskuhle",,,,way
"An der Trift",,,,relation
"An der Vogelweide",,,,way
"An der Weide",,,,way
"Andertensche Wiese",,,,way
"Anderter Schützenplatz",,,,way
Annenstraße,,,,way
Apfelallee,,,,way
Apfelweg,,,,way
Aprikosenweg,,,,way
Arnswaldtstraße,,,,way
Asternweg,,,,way
Atelierblick,,,,way
"Auf dem Bassel",,,,way
"Auf dem Emmerberge",,,,way
"Auf dem Hagen",,,,way
"Auf den Boken",,,,way
"Auf der Allmende",,,,way
"Auf der Klappenburg",,,,way
"Auf der Papenburg",,,,way
Augustabrücke,,,,way
Azaleenweg,,,,way
Bäckerstraße,,,,way
"Badenstedter Marktplatz",,,,way
Baierweg,,,,way
Balkehof,,,,way
Bärengang,,,,way
Bärenpfad,,,,way
Bauerngrabenweg,,,,way
Baumgarteweg,,,,way
Baumkundeweg,,,,way
Bauvereinsweg,,,,way
Bauweg,,,,way
Beckstraße,,,,way
Beekebrücke,,,,way
Beekestraße,,,,way
"Bella Vista",,,,way
Bellstieg,,,,way
Bendixweg,,,,way
Benedessenweg,,,,way
Bergkammstraße,,,,way
Berkelmannstraße,,,,way
Berkelmannweg,,,,way
"Bettenser Straße",,,,way
"Bezirk 01",,,,way
"Bezirk 1",,,,way
"Bezirk 11",,,,way
"Bezirk 2",,,,way
"Bezirk 3",,,,way
"Bezirk 4",,,,way
"Bezirk 5",,,,way
"Bezirk 6",,,,way
"Bezirk 7",,,,way
"Bezirk 8",,,,way
Bibelbrücke,,,,way
Bierweg,,,,way
Biesterstraße,,,,way
Birkengrundweg,,,,way
Birnenweg,,,,way
"Bischofsholer Weg",,,,way
Blantyreweg,,,,way
Bleichenstraße,,,,way
Blindenweg,,,,way
Blomeweg,,,,way
Blumengang,,,,way
Blumenstraße,,,,way
Blumenweg,,,,way
Blütenweg,,,,way
Bohlendamm,,,,way
Bomgarstraße,,,,way
Borglingstraße,,,,way
Bormannweg,,,,way
Borstelmannstraße,,,,way
Boschstraße,,,,way
Bösenbergweg,,,,way
Boulevard,,,,way
"Boulevard de Montreal",,,,way
Braaschweg,,,,way
"Braker Eck",,,,way
Brakestraße,,,,way
Brandmeierstraße,,,,way
Brandstraße,,,,way
Brauhofstraße,,,,way
"Breite Straße",,,,way
Breitentrift,,,,way
Brinkwiesen,,,,way
Bristol-Weg,,,,way
Brombeerweg,,,,way
Bruchweg,,,,way
Brühlstraße,,,,way
Brunnenstieg,,,,way
Brunnenstraße,,,,way
"Brunnentreff Mittelfeld",,,,way
Buchenweg,,,,way
Bummelgang,,,,way
Bünteweg,,,,way
Burgstraße,,,,relation
Bürogasse,,,,way
Buxusgang,,,,way
Caroline-von-Bremer-Straße,,,,way
Cook-Passage,,,,way
Cousteaustraße,,,,way
Crystallstraße,,,,way
Dachsgang,,,,way
Dahlgrünweg,,,,way
Dahlienallee,,,,way
Dahlienweg,,,,way
Dalemstraße,,,,way
Dammstraße,,,,way
Dannenbergstraße,,,,way
Deisterweg,,,,way
Deitersweg,,,,way
"Denkmal KZ-Stöcken Hannover-Marienwerder",,,,way
"Die blaue Brücke",,,,way
Dieckbornstraße,,,,way
Döbbeckehof,,,,way
Döbbeckestraße,,,,way
"Döhrener Aue",,,,way
"Döhrener Brücke",,,,way
"Döhrener Straße",,,,way
Döhrener-Wolle-Platz,,,,way
Dölfesweg,,,,way
"Dömitzer Weg",,,,way
Dompfaffweg,,,,way
Dönekenweg,,,,way
Dormannstraße,,,,way
Drachenfeld,,,,way
Dreibirkenweg,,,,way
Dreikreuzenstraße,,,,way
Drossel-Allee,,,,way
Drosselgang,,,,way
Drostestr,,,,way
Dunkelberggang,,,,way
Düsternstraße,,,,way
Eckerstraße,,,,way
Ehlershausen,,,,way
Ehlvershof,,,,way
Eichelkampstraße,,,,way
Eichenfeldstraße,,,,way
Eichhörnchenweg,,,,way
Elisenstraße,,,,way
Elkartallee,,,,relation
Elmweg,,,,way
Elsternweg,,,,way
Elsterweg,,,,way
Ema-Mohr-Straße,,,,way
Entenfangweg,,,,way
Entenweg,,,,way
Enzianweg,,,,way
Epiweg,,,,way
Erdbeerenweg,,,,way
Erdbeerweg,,,,way
Erholung,,,,way
Erich-Marx-Weg,,,,way
Erika,,,,way
Erlengrund,,,,way
Ernst-August-Markthalle,,,,way
Ernst-Gehrke-Weg,,,,way
Eschenweg,,,,way
Fahlbuschbrücke,,,,way
Falkenstraße,,,,way
Färberstraße,,,,way
Fasanenweg,,,,way
Feierabendweg,,,,way
Ferdinandstraße,,,,way
"Fernroder Straße",,,,way
Fichtenallee,,,,way
Fichtenweg,,,,way
Finken-Allee,,,,way
Finkenweg,,,,way
Fischereichenweg,,,,way
Fischerhof,,,,way
Flebbeweg,,,,way
Fliederweg,,,,way
"Fliegerlust 1",,,,way
"Fliegerlust 2",,,,way
Flohrgang,,,,way
Floraweg,,,,way
Flügeldamm,,,,way
"Flur EG",,,,way
"Flur EG Ost",,,,way
"Flur EG West",,,,way
"Flur UG Nord",,,,way
"Flur UG Süd",,,,way
Flurstraße,,,,way
Föhrenweg,,,,way
Försterweg,,,,way
Forsytienweg,,,,way
Franz-Heppler-Weg,,,,way
Franz-Mock-Weg,,,,way
Franz-Steineke-Weg,,,,way
Freidingstraße,,,,way
"Friedenauer Straße",,,,way
Friederikenbrücke,,,,way
"Fritz-Ey Weg",,,,way
Frobösestraße,,,,way
Frömmlingstraße,,,,way
Fuchsgang,,,,way
Fuderhof,,,,way
Fuhrenplan,,,,way
Fundstraße,,,,way
Funkenkamp,,,,way
"G. Niehoff-Weg",,,,way
Gartenweg,,,,way
Geisterweg,,,,way
Gemeindeholzstraße,,,,way
Georg-Bode-Platz,,,,way
Georgspassage,,,,way
Geranienweg,,,,way
Gerkeweg,,,,way
Gesmannstraße,,,,way
"Geveker Kamp",,,,way
Gieseckeweg,,,,way
Gimpeleck,,,,way
Gimpelweg,,,,way
Gladiolenweg,,,,way
Godshorn,,,,way
Göingweg,,,,way
"Goldener Winkel",,,,way
Golternstraße,,,,way
Goseriede,,,,relation+way
Goseriedeplatz,,,,way
Gosewischstraße,,,,way
"Göttinger Landstraße",,,,way
Grambartstraße,,,,way
Grashöfe,,,,way
Grasweg,,,,way
Gredelhof,,,,way
Greitheweg,,,,way
Grenzgraben,,,,way
Grenzweg,,,,way
Gretelsteig,,,,way
Grobeweg,,,,way
Gronostraße,,,,way
"Große Düwelstraße",,,,way
"Große Heide",,,,way
"Große Packhofstraße",,,,way
"Große Pfahlstraße",,,,way
"Große Straße",,,,way
"Große Table-Line",,,,way
"Großer Kolonnenweg",,,,way
Günschmannweg,,,,way
Günter-Politze-Straße,,,,way
"Gut Grün",,,,way
Gutsweg,,,,way
HDI-Platz,,,,way
Haarstraße,,,,way
Habichtshorststraße,,,,way
Hagedornweg,,,,way
Hägerweg,,,,way
Hahnenschrei,,,,way
Hahnenseestraße,,,,way
Hahnensteg,,,,way
Hahnenstraße,,,,relation
Hainbuchenallee,,,,way
Halberstadtweg,,,,way
"Halle 8",,,,way
Hammet-und-Hassan-Weg,,,,way
Hamsterweg,,,,way
Hangstraße,,,,way
"Hannover-Wülferode Ost",,,,way
"Hannover-Wülferode West",,,,way
Hansinckstraße,,,,way
Hansteinstraße,,,,way
Harnischstraße,,,,way
Hartestraße,,,,way
Harzweg,,,,way
Hasengang,,,,way
Hasenpfad,,,,way
Hasenweg,,,,way
"Haspelfelder Weg",,,,way
Hauptstraße,,,,way
Hauptweg,,,,way
Heesternwinkel,,,,way
Hegebläch,,,,way
Heideblümchen,,,,way
Heideblüte,,,,way
Heidegrün,,,,way
Heideweg,,,,way
Heidornstraße,,,,way
Heimatweg,,,,way
Heimstättenstraße,,,,way
Heimweg,,,,way
"Heinescher Hof",,,,way
Heinz-Boldt-Weg,,,,way
Heisterbergallee,,,,way
Heisterholzwinkel,,,,way
Helenenstieg,,,,way
Helmkestraße,,,,way
"Hemminger Kirchweg",,,,way
Hermenweg,,,,way
Heymesstraße,,,,way
Hildebrand-Weg,,,,way
Himbeerweg,,,,way
Hindernisbahn,,,,way
Hintzehof,,,,way
Hiroshimaweg,,,,way
Höfestraße,,,,way
Hoffmannshof,,,,way
Hogrefestraße,,,,way
"Hohe Brücke",,,,way
"Hohe Straße",,,,relation
"Hoher Weg",,,,way
Holleweg,,,,way
Höltyplatz,,,,way
Holunderweg,,,,way
Holzmarkt,,,,way
Holzrehre,,,,way
Holzstraße,,,,way
Holzweg,,,,way
Hopfenweg,,,,way
Horst-Pol-Weg,,,,way
Hoyerstraße,,,,way
Huesmannhof,,,,way
"Hugo Windt Weg",,,,way
Hüttenstraße,,,,way
Ihme-Ufer-Weg,,,,way
Ihmepassage,,,,way
Ihtweg,,,,way
"Im Ahorn",,,,way
"Im Grunde",,,,way
"Im Kirschwinkel",,,,way
"Im Kleinen Freien",,,,way
"Im Königswinkel",,,,way
"Im Lämpchen",,,,way
"Im Paradies",,,,way
"Im Sonnenwinkel",,,,way
"Im Töge",,,,way
"Im Töpferort",,,,way
"Im Wiesengrunde",,,,way
"Im Wiesenkampe",,,,way
"Im Winkel",,,,way
"Im stillen Winkel",,,,way
Immelmannstraße,,,,way
Immergrün,,,,way
"In den Gärten",,,,way
"In den Heestern",,,,way
"In den Kämpen",,,,way
"In den Sonnenhöfen",,,,way
"In der Flage",,,,way
"In der Masch",,,,way
"In der Reuterwiese",,,,way
"In der Steintormasch",,,,way
Iris-Runge-Platz,,,,way
Jägerstieg,,,,way
Jägerstraße,,,,way
Jakobsweg,,,,way
Jungfernstieg,,,,way
"KGV Feierabend Erlenweg",,,,way
"KGV Krügersruh, Maiblumenweg",,,,way
Karl-Heinz-Berkowksy-Weg,,,,way
Karl-König-Weg,,,,way
Karpfenweg,,,,way
Katzengang,,,,way
Katzenstieg,,,,way
Kelbshof,,,,way
Kiebitz-Allee,,,,way
Kiebitzecke,,,,way
Kiebitzweg,,,,way
Kiefernweg,,,,way
Kirchhöfnerstraße,,,,way
Kirschblütenweg,,,,way
Kirschenweg,,,,way
Kirschweg,,,,way
Klamottenweg,,,,way
Klasseweg,,,,way
"Kleefelder Sonnenweg",,,,way
Kleieweg,,,,way
"Kleine Düwelstraße",,,,way
"Kleine Packhofstraße",,,,relation
"Kleine Pfahlstraße",,,,way
"Kleine Table-Line",,,,way
"Kleiner Holzhägen",,,,way
Klönebülsgang,,,,way
Klostergang,,,,way
Knüppeldamm,,,,way
Köbelingerstraße,,,,way
Köhnsenstraße,,,,way
Kohrsweg,,,,way
Kokelgasse,,,,way
Koldemeyerweg,,,,way
Kommandanturstraße,,,,way
Konerdingstraße,,,,way
Koniferenweg,,,,way
Königsbusch,,,,way
Königseichenweg,,,,way
Königstraße,,,,way
"Königsworther Straße",,,,way
Kopernikusstraße,,,,relation
Kornblumenweg,,,,way
Kothöferdamm,,,,way
Kötnerhof,,,,way
Kötnerholzweg,,,,way
Kriegerstraße,,,,way
Krokusweg,,,,way
Kronenstraße,,,,way
Kronsbergstraße,,,,way
"Krumme Straße",,,,way
"Kurze Straße",,,,way
Küsterstraße,,,,way
Kütemeierweg,,,,way
Labyrinthweg,,,,way
Ladenpassage,,,,way
Laderampe,,,,way
Lagerstraße,,,,way
"Laher Heide",,,,way
"Laher Kamp",,,,way
Lammstraße,,,,way
Landwehrkreisel,,,,way
Landwehrstraße,,,,way
"Lange Laube",,,,way
"Lange Rade",,,,way
"Lange Straße",,,,way
"Langenforther Straße",,,,way
Langrederstraße,,,,way
Laportestraße,,,,way
Lathusenstraße,,,,way
Läuferweg,,,,way
Lavesbrücke,,,,way
Leinaustraße,,,,way
Leinerandweg,,,,way
Leipzigweg,,,,way
"Lemförder Straße",,,,way
Lenchen-Kunow-Weg,,,,way
Lerchen-Allee,,,,way
Lerchenweg,,,,way
Leynemannweg,,,,way
Liepeweg,,,,way
Liethfeld,,,,way
Lilienweg,,,,way
Limburg-Passage,,,,way
"Lindener Schmuckplatz",,,,way
Lindenplan,,,,way
"Lister Damm",,,,way
"Lister Kirchweg",,,,way
"Lister Meile",,,,relation+way
"Lister Passage",,,,way
"Lister Straße",,,,way
Lister-Meilen-Passage,,,,way
"Loccumer Hof",,,,way
Löhrweg,,,,way
Lüdenstraße,,,,way
Lüderitzwinkel,,,,way
Ludwigstraße,,,,way
Luhnenstraße,,,,way
Luise-Burgstett-Wende,,,,way
Lunapark,,,,way
Lüssenhopstraße,,,,way
Lützekenstraße,,,,way
Maiblumenweg,,,,way
Märchenweg,,,,way
Margeritenweg,,,,way
Mariandelsteg,,,,way
Marie-Radecki-Weg,,,,way
Markt,,,,relation
Marstall,,,,relation
Maschpark-Brücke,,,,way
Maschstraße,,,,way
Mathildenstraße,,,,way
Mattfeldstraße,,,,way
Mehlstraße,,,,way
Meisen-Allee,,,,way
Meisenweg,,,,way
Mengendamm,,,,way
Messeschnellweg,,,,way
"Messeschnellweg Ost",,,,way
"Messeschnellweg West",,,,way
Meterstraße,,,,way
Meyenfeldstraße,,,,way
Mibellenweg,,,,way
Mira-Lobe-Weg,,,,way
Mirabellenweg,,,,way
Misburg,,,,way
"Misburger Straße",,,,way
Mistelweg,,,,way
Mittelhalle,,,,relation
Mittelstraße,,,,way
Mittelweg,,,,way
Möhringsberg,,,,way
Möllerkampbrücke,,,,way
Mönckebergallee,,,,way
Moocksgang,,,,way
Morgensonne,,,,way
Mörlinsstraße,,,,way
Morwegsgasse,,,,way
Müggenweg,,,,way
Mühenkamp,,,,way
"Mühlenberger Markt",,,,way
Mühlenbergzentrum,,,,way
Mühlenholzweg,,,,way
Mühlenhube,,,,way
Mühlenknap,,,,way
Münzstraße,,,,way
Mushop,,,,way
Musikweg,,,,way
Namedorfstraße,,,,way
Nettemannstraße,,,,way
"Neue Straße",,,,way
"Neuer Weg",,,,way
"Neustädter Markt",,,,relation
Nölkehof,,,,way
"Nordfelder Reihe",,,,way
Nordpassage,,,,way
Nordufer,,,,way
Nötelweg,,,,way
Nussbaumweg,,,,way
"Obere Ziegelei",,,,way
Oberstraße,,,,way
Odeonstraße,,,,way
Oelkersweg,,,,way
Ohebruchstraße,,,,way
Oppenbornstraße,,,,way
Ossenkoppweg,,,,way
Osterbrückenweg,,,,way
Ostergrube,,,,way
Ostermeierstraße,,,,way
Palmenweg,,,,way
Palmstraße,,,,way
Pannenflickergang,,,,way
Papenstieg,,,,way
Papenwinkel,,,,way
Parkstraße,,,,way
Paßweg,,,,way
Paulingstraße,,,,way
Perlstraße,,,,way
Perpignan-Weg,,,,way
Petermannstraße,,,,way
Petersilienstraße,,,,way
Pferdeschwemme,,,,way
Pferdeturm,,,,way
Pfirsichweg,,,,way
Philosophenpfad,,,,way
Pieperstraße,,,,way
Plantagenstraße,,,,way
"Platz der Begegnung",,,,way
"Platz der Meck­len­bur­gi­schen",,,,way
Plengestraße,,,,way
Podbipassage,,,,way
Poggenkamp,,,,way
Posenweg,,,,way
Posthornstraße,,,,way
Postkamp,,,,way
"Postkamp 1",,,,way
"Postkamp 2",,,,way
"Postkamp 3",,,,way
Potthof,,,,way
Primelweg,,,,way
"Promenade im Hauptbahnhof",,,,way
Prüßentrift,,,,way
Pumpstraße,,,,way
Querstraße,,,,way
Querwande,,,,way
Querweg,,,,way
Quesenbühlsgang,,,,way
Quirrestraße,,,,way
Quittenweg,,,,way
Rabbiner-Dr.-Emil-Schorsch-Platz,,,,relation
Rabenstieg,,,,way
Rabenwinkel,,,,way
Rahlfskamp,,,,way
Rampe,,,,way
Rathenauplatz,,,,relation
Rathingstraße,,,,way
Ratswiese,,,,way
"Raum der Annahme",,,,way
"Raum der Schwermut",,,,way
"Raum der Verleugnung",,,,way
"Räume der Stille",,,,way
Raupertstraße,,,,way
Rautenstraße,,,,way
Redenstraße,,,,way
Rehwinkelweg,,,,way
Reineckeweg,,,,way
Reitwallstraße,,,,way
Reitwinkelbrücke,,,,way
Rennstieg,,,,way
Rettungsstollen,,,,way
Rettungsweg,,,,way
"Ricklinger Landwehr",,,,way
Riechersstraße,,,,way
Ringstraße,,,,way
Rischweg,,,,way
Ritter-Brüning-Straße,,,,way
Ritterstraße,,,,way
Robertstraße,,,,way
Rodelbahn,,,,way
Rodewaldstraße,,,,way
Rodewinkel,,,,way
Röhrbeinweg,,,,way
Rollstuhlrampe,,,,way
Roschersburg,,,,way
Röselerstraße,,,,way
Rosemeyerstraße,,,,way
Rosenallee,,,,way
Rosenfeststraße,,,,way
Rosenhain,,,,way
Rosenstraße,,,,way
Rosmarinhof,,,,way
Roßmühle,,,,way
Rotbuchenallee,,,,way
"Rote Reihe",,,,way
Rotermundstraße,,,,way
Rouenweg,,,,way
Rundshorn,,,,way
Rüsterburg,,,,way
Rutenbergstraße,,,,way
Saldernstraße,,,,way
Sallplatz,,,,way
Sallstraße,,,,way
Sandbrink,,,,way
Sanddornweg,,,,way
Schaukelweg,,,,way
Scheelenkamp,,,,way
Scheidestraße,,,,way
Scherensliepergang,,,,way
Schilfweg,,,,way
Schloßbrücke,,,,way
"Schloßwender Straße",,,,way
Schneckenweg,,,,way
Schreberweg,,,,way
Schulweg,,,,way
Schulzenstraße,,,,way
Schützenhausweg,,,,way
"Schützenplatz Misburg",,,,way
Schützenstraße,,,,way
Schwanenweg,,,,way
"Schwarzenberger Weg",,,,way
"Schwarzer Bär",,,,way
Schwedenpfad,,,,way
Schwemannstraße,,,,way
Seegershof,,,,way
Seestraße,,,,way
Seeweg,,,,way
Seilwinderstraße,,,,way
Selmastraße,,,,way
Senatorweg,,,,way
Seufzerallee,,,,way
Silberstraße,,,,way
Skywalk,,,,way
"Skywalk (east)",,,,way
Sollingweg,,,,way
Solvay-Passage,,,,way
Sonnenallee,,,,way
Sonneneck,,,,way
Sonnenhagen,,,,way
Sonnenlandbrücke,,,,way
Sonnenschein,,,,way
Sonnenweg,,,,way
Sorgenfrei,,,,way
Sorststraße,,,,way
Spangenbergstraße,,,,way
Spannhagengarten,,,,way
Spargelweg,,,,way
Spartanerstraße,,,,way
"Späte Holzwiesen",,,,way
Spatzen-Allee,,,,way
Spatzenweg,,,,way
Spechtgasse,,,,way
Sperlstraße,,,,way
Spitzbubenstieg,,,,way
Spitzwegweg,,,,way
Stadtfelddamm,,,,way
Stahlstraße,,,,way
Stammestraße,,,,way
Stänkebühlsgang,,,,way
Staren-Allee,,,,way
Starweg,,,,way
Steckerstraße,,,,way
Steinstraße,,,,way
Steintorstraße,,,,way
Stephansruh,,,,way
Sterzer-Stich,,,,way
Stiefmütterchenweg,,,,way
Stieglitzgasse,,,,way
Stieglitzweg,,,,way
Stiftstraße,,,,way
"Stilles Tal",,,,way
Storchgang,,,,way
"Strandrose 2",,,,way
Streitäckergraben,,,,way
Struthofstraße,,,,way
Stuckestraße,,,,way
Stünkelstraße,,,,way
Sudersenstraße,,,,way
"Südschnellweg (Behelfsbrücke)",,,,way
"Südschnellweg (Behelfsstrecke)",,,,way
Sündernstraße,,,,way
Süntelweg,,,,way
Suthwiesenstraße,,,,way
Taubengang,,,,way
Tegtmeyershof,,,,way
Teichhöfe,,,,way
Teichpfade,,,,way
Teichstraße,,,,way
Terrassen,,,,way
Tewesweg,,,,way
Thielenkamp,,,,way
Timmermannweg,,,,way
"Tischlein Deck Dich Weg",,,,way
Tomatenweg,,,,way
Tonstraße,,,,way
Trage,,,,way
Trageweg,,,,way
Trassenweg,,,,way
"Treppe zur Leinewelle",,,,way
Treppenhaus,,,,way
"Treppenhaus UG",,,,way
Treptowweg,,,,way
Trollweg,,,,way
Ubbenstraße,,,,way
Uelzestraße,,,,way
Uhlenbornstraße,,,,way
Uhugasse,,,,way
Ulenflucht,,,,way
Ulrichstraße,,,,way
"Unter Uns",,,,way
Vahrenheide,,,,way
Veilchenstraße,,,,way
Veilchenweg,,,,way
"Vier Grenzen",,,,relation
Vierlindenweg,,,,way
Viesekenriede,,,,way
Viktoria-Saffe-Weg,,,,way
Vogelsang,,,,way
Vogesort,,,,way
Volgersweg,,,,way
Vollmond,,,,way
Voltmerstraße,,,,way
Von-Escherte-Straße,,,,way
"Vordere Schöneworth",,,,way
Vorplatz,,,,way
Wacholderweg,,,,way
Waldchaussee,,,,way
Waldmops-Weg,,,,way
Waldweg,,,,way
Warmbüchenkamp,,,,way
Warmbüchenstraße,,,,way
Warstraße,,,,way
"Warteschlange Bootsfahrt",,,,way
Wasserfehdeweg,,,,way
Waßmannstraße,,,,way
Wedekinweg,,,,way
Wefelsestraße,,,,way
"Weg 1",,,,way
"Weg 2",,,,way
"Weg 3",,,,way
Weidengrundbrücke,,,,way
Weidenweg,,,,way
Weidestraße,,,,way
Weidetorkreisel,,,,way
Weidetorstraße,,,,way
Weidewinkel,,,,way
Weißekreuzstraße,,,,way
Wendehagen,,,,way
Werner-Bock-Weg,,,,way
Wesselstraße,,,,way
"Wettberger Edelhof",,,,way
Wickenweg,,,,way
Widemannstraße,,,,way
Wieckebrücke,,,,way
Wiehbergpark,,,,way
Wiehbergstraße,,,,way
Wiehegrund,,,,way
Wiesengrund,,,,way
Wiesenrain,,,,way
Wiesenstraße,,,,way
Wiesenweg,,,,way
Wildthagenweg,,,,way
Wildwechsel,,,,way
"Wilhelm Stichweh-Platz",,,,way
Wilkeninghof,,,,way
Willführstraße,,,,way
Windmühlenstraße,,,,way
Winkelriede,,,,way
Winkelstraße,,,,way
Wittboldstraße,,,,way
Wöhlerstraße,,,,way
"Wohnpark Wettbergen",,,,way
"Wülfeler Maschweg",,,,way
Wulfspark,,,,way
Zigelskyweg,,,,way
"Zu den Mühlen",,,,way
"Zugang zum Kleingartenverein Silberborn",,,,way
"Zugang zum Restaurant Lehaha",,,,way
"Zum Paradies",,,,way
"Zum Rad",,,,way
"Zum Schleusengrund",,,,way
"Zum Siemenshop",,,,way
"Zum Waldteich",,,,way
"Zum Wiehegraben",,,,way
"Zum stillen Winkel",,,,way
"Zur Mühle",,,,way
"Zur Stadtgärtnerei",,,,way
"Zur Tanne",,,,way
"Zur Viehtränke",,,,way
"Zur guten Hoffnung",,,,way
